,sex,Fish_ID,test,filepath,day,BASELINE,PROBE,difference,set,tod,weight
1,male,a6985,BLUCS,./Data/Day1/BLUGRE-c1d-D1-PM.csv,1,41.26646667,6.9375,34.32896667,control,PM,0.482
2,male,a6985,BLUCS,./Data/Day5/BLUGRE-c1d-D5-AM.csv,5,33.05713333,1.9645,31.09263333,control,AM,0.482
3,female,a7082,BLUCS,./Data/Day1/BLUGRE-c1a-D1-NOON.csv,1,48.55263333,30.2025,18.35013333,control,NOON,0.863
4,female,a7082,BLUCS,./Data/Day5/BLUGRE-c1a-D5-AM.csv,5,40.99983333,50.4485,-9.448666667,control,AM,0.863
5,male,a6859,BLUCS,./Data/Day1/BLUGRE-c1b-D1-NOON.csv,1,53.16163333,28.8675,24.29413333,control,NOON,0.538
6,male,a6859,BLUCS,./Data/Day5/BLUGRE-c1b-D5-AM.csv,5,39.21986667,4.937,34.28286667,control,AM,0.538
7,male,a7152,BLUCS,./Data/Day1/BLUGRE-c1b-D1-NOON.csv,1,37.1067,41.886,-4.7793,control,NOON,0.513
8,male,a7152,BLUCS,./Data/Day5/BLUGRE-c1b-D5-AM.csv,5,30.75793333,3.2355,27.52243333,control,AM,0.513
9,female,a7659,BLUCS,./Data/Day1/BLUGRE-c1a-D1-NOON.csv,1,47.38666667,30.0275,17.35916667,control,NOON,0.527
10,female,a7659,BLUCS,./Data/Day5/BLUGRE-c1a-D5-AM.csv,5,32.0601,53.7065,-21.6464,control,AM,0.527
11,female,a7698,BLUCS,./Data/Day1/BLUGRE-c1a-D1-NOON.csv,1,23.59183333,19.086,4.505833333,control,NOON,0.819
12,female,a7698,BLUCS,./Data/Day5/BLUGRE-c1a-D5-AM.csv,5,4.038833333,1.771,2.267833333,control,AM,0.819
13,male,a7179,BLUCS,./Data/Day1/BLUGRE-c1e-D1-PM.csv,1,30.7488,30.0405,0.7083,control,PM,0.494
14,male,a7179,BLUCS,./Data/Day5/BLUGRE-c1e-D5-NOON.csv,5,33.38416667,30.0355,3.348666667,control,NOON,0.494
15,male,a7475,BLUCS,./Data/Day1/BLUGRE-c1e-D1-PM.csv,1,29.66953333,30.0305,-0.360966667,control,PM,0.443
16,male,a7475,BLUCS,./Data/Day5/BLUGRE-c1e-D5-NOON.csv,5,33.88913333,24.632,9.257133333,control,NOON,0.443
17,female,a7498,BLUCS,./Data/Day1/BLUGRE-c1c-D1-NOON.csv,1,43.16806667,27.892,15.27606667,control,NOON,0.743
18,female,a7498,BLUCS,./Data/Day5/BLUGRE-c1c-D5-AM.csv,5,30.43616667,6.5215,23.91466667,control,AM,0.743
19,male,a7614,BLUCS,./Data/Day1/BLUGRE-c1d-D1-PM.csv,1,31.9187,26.193,5.7257,control,PM,0.443
20,male,a7614,BLUCS,./Data/Day5/BLUGRE-c1d-D5-AM.csv,5,14.86156667,11.4605,3.401066667,control,AM,0.443
21,female,a8068,BLUCS,./Data/Day1/BLUGRE-c1e-D1-PM.csv,1,17.05023333,44.963,-27.91276667,control,PM,0.641
22,female,a8068,BLUCS,./Data/Day5/BLUGRE-c1e-D5-NOON.csv,5,41.06903333,22.8455,18.22353333,control,NOON,0.641
23,male,a7563,BLUCS,./Data/Day1/BLUGRE-c1d-D1-PM.csv,1,32.68216667,40.771,-8.088833333,control,PM,0.495
24,male,a7563,BLUCS,./Data/Day5/BLUGRE-c1d-D5-AM.csv,5,13.99186667,2.3165,11.67536667,control,AM,0.495
25,male,a7720,BLUCS,./Data/Day1/BLUGRE-c1a-D1-NOON.csv,1,26.68046667,30.8515,-4.171033333,control,NOON,0.426
26,male,a7720,BLUCS,./Data/Day5/BLUGRE-c1a-D5-AM.csv,5,26.87186667,13.875,12.99686667,control,AM,0.426
27,female,a6899,BLUCS,./Data/Day1/BLUGRE-c1d-D1-PM.csv,1,24.0823,30.042,-5.9597,control,PM,0.849
28,female,a6899,BLUCS,./Data/Day5/BLUGRE-c1d-D5-AM.csv,5,14.0329,1.506,12.5269,control,AM,0.849
29,female,a7013,BLUCS,./Data/Day1/BLUGRE-c1b-D1-NOON.csv,1,54.74573333,55.803,-1.057266667,control,NOON,0.554
30,female,a7013,BLUCS,./Data/Day5/BLUGRE-c1b-D5-AM.csv,5,48.98343333,6.9725,42.01093333,control,AM,0.554
31,female,a7376,BLUCS,./Data/Day1/BLUGRE-c1e-D1-PM.csv,1,36.6905,29.9,6.7905,control,PM,0.529
32,female,a7376,BLUCS,./Data/Day5/BLUGRE-c1e-D5-NOON.csv,5,1.975966667,7.187,-5.211033333,control,NOON,0.529
33,male,a7403,BLUCS,./Data/Day1/BLUGRE-c1b-D1-NOON.csv,1,51.58716667,19.0645,32.52266667,control,NOON,0.455
34,male,a7403,BLUCS,./Data/Day5/BLUGRE-c1b-D5-AM.csv,5,35.6247,27.4405,8.1842,control,AM,0.455
35,male,a7272,BLUCS,./Data/Day1/BLUGRE-c1c-D1-NOON.csv,1,39.0561,5.5185,33.5376,control,NOON,0.419
36,male,a7272,BLUCS,./Data/Day5/BLUGRE-c1c-D5-AM.csv,5,38.79326667,16.6435,22.14976667,control,AM,0.419
37,male,a7555,BLUCS,./Data/Day1/BLUGRE-c1c-D1-NOON.csv,1,19.59386667,5.413,14.18086667,control,NOON,0.514
38,male,a7555,BLUCS,./Data/Day5/BLUGRE-c1c-D5-AM.csv,5,33.14036667,3.426,29.71436667,control,AM,0.514
39,female,a7281,BLUCS,./Data/Day1/BLUGRE-c1c-D1-NOON.csv,1,25.28846667,17.8065,7.481966667,control,NOON,0.958
40,female,a7281,BLUCS,./Data/Day5/BLUGRE-c1c-D5-AM.csv,5,6.813033333,3.5065,3.306533333,control,AM,0.958
41,male,a7474,BLUCS,./Data/Day2/BLUGRE-c2e-D2-NOON.csv,2,32.40786667,36.237,-3.829133333,control,NOON,0.413
42,male,a7474,BLUCS,./Data/Day6/BLUGRE-c2e-D6-PM.csv,6,30.9843,14.6445,16.3398,control,PM,0.413
43,male,a7056,BLUCS,./Data/Day2/BLUGRE-c2d-D2-AM.csv,2,35.13913333,10.2535,24.88563333,control,AM,0.408
44,male,a7056,BLUCS,./Data/Day6/BLUGRE-c2d-D6-PM.csv,6,35.33203333,3.1655,32.16653333,control,PM,0.408
45,male,a7408,BLUCS,./Data/Day2/BLUGRE-c2c-D2-AM.csv,2,44.31343333,31.599,12.71443333,control,AM,0.419
46,male,a7408,BLUCS,./Data/Day6/BLUGRE-c2c-D6-NOON.csv,6,47.40443333,28.424,18.98043333,control,NOON,0.419
47,female,a7658,BLUCS,./Data/Day2/BLUGRE-c2a-D2-AM.csv,2,36.32296667,30.032,6.290966667,control,AM,0.537
48,female,a7658,BLUCS,./Data/Day6/BLUGRE-c2a-D6-NOON.csv,6,29.5625,1.5475,28.015,control,NOON,0.537
49,male,a7006,BLUCS,./Data/Day2/BLUGRE-c2a-D2-AM.csv,2,40.62656667,30.8285,9.798066667,control,AM,0.434
50,male,a7006,BLUCS,./Data/Day6/BLUGRE-c2a-D6-NOON.csv,6,45.85416667,26.9285,18.92566667,control,NOON,0.434
51,female,a6881,BLUCS,./Data/Day2/BLUGRE-c2b-D2-AM.csv,2,30.31033333,4.9275,25.38283333,control,AM,0.772
52,female,a6881,BLUCS,./Data/Day6/BLUGRE-c2b-D6-NOON.csv,6,31.4863,5.52,25.9663,control,NOON,0.772
53,male,a7370,BLUCS,./Data/Day2/BLUGRE-c2e-D2-NOON.csv,2,43.50783333,31.785,11.72283333,control,NOON,0.379
54,male,a7370,BLUCS,./Data/Day6/BLUGRE-c2e-D6-PM.csv,6,40.52713333,5.195,35.33213333,control,PM,0.379
55,female,a7549,BLUCS,./Data/Day2/BLUGRE-c2a-D2-AM.csv,2,27.13006667,30.032,-2.901933333,control,AM,0.682
56,female,a7549,BLUCS,./Data/Day6/BLUGRE-c2a-D6-NOON.csv,6,31.496,30.06,1.436,control,NOON,0.682
57,male,a7153,BLUCS,./Data/Day2/BLUGRE-c2c-D2-AM.csv,2,36.0611,38.7675,-2.7064,control,AM,0.428
58,male,a7153,BLUCS,./Data/Day6/BLUGRE-c2c-D6-NOON.csv,6,40.20446667,47.8665,-7.662033333,control,NOON,0.428
59,male,a6967,BLUCS,./Data/Day2/BLUGRE-c2c-D2-AM.csv,2,31.64306667,27.1855,4.457566667,control,AM,0.451
60,male,a6967,BLUCS,./Data/Day6/BLUGRE-c2c-D6-NOON.csv,6,24.56083333,29.7105,-5.149666667,control,NOON,0.451
61,male,a6847,BLUCS,./Data/Day2/BLUGRE-c2d-D2-AM.csv,2,30.56556667,17.3365,13.22906667,control,AM,0.462
62,male,a6847,BLUCS,./Data/Day6/BLUGRE-c2d-D6-PM.csv,6,41.65423333,36.975,4.679233333,control,PM,0.462
63,female,a7204,BLUCS,./Data/Day2/BLUGRE-c2b-D2-AM.csv,2,26.72936667,30.036,-3.306633333,control,AM,0.749
64,female,a7204,BLUCS,./Data/Day6/BLUGRE-c2b-D6-NOON.csv,6,23.36383333,7.0545,16.30933333,control,NOON,0.749
65,male,a7688,BLUCS,./Data/Day2/BLUGRE-c2b-D2-AM.csv,2,17.0001,3.444,13.5561,control,AM,0.438
66,male,a7688,BLUCS,./Data/Day6/BLUGRE-c2b-D6-NOON.csv,6,27.49923333,0.66,26.83923333,control,NOON,0.438
67,female,a6798,BLUCS,./Data/Day2/BLUGRE-c2a-D2-AM.csv,2,48.76366667,56.123,-7.359333333,control,AM,0.649
68,female,a6798,BLUCS,./Data/Day6/BLUGRE-c2a-D6-NOON.csv,6,17.1299,25.5055,-8.3756,control,NOON,0.649
69,male,a7096,BLUCS,./Data/Day2/BLUGRE-c2e-D2-NOON.csv,2,40.26226667,26.7955,13.46676667,control,NOON,0.422
70,male,a7096,BLUCS,./Data/Day6/BLUGRE-c2e-D6-PM.csv,6,35.1021,19.644,15.4581,control,PM,0.422
71,female,a7284,BLUCS,./Data/Day2/BLUGRE-c2d-D2-AM.csv,2,16.72473333,1.1885,15.53623333,control,AM,0.728
72,female,a7284,BLUCS,./Data/Day6/BLUGRE-c2d-D6-PM.csv,6,15.63816667,2.9435,12.69466667,control,PM,0.728
73,female,a8064,BLUCS,./Data/Day2/BLUGRE-c2e-D2-NOON.csv,2,14.2787,4.734,9.5447,control,NOON,0.594
74,female,a8064,BLUCS,./Data/Day6/BLUGRE-c2e-D6-PM.csv,6,44.44936667,20.8275,23.62186667,control,PM,0.594
75,female,a7486,BLUCS,./Data/Day2/BLUGRE-c2c-D2-AM.csv,2,5.073533333,11.3365,-6.262966667,control,AM,0.767
76,female,a7486,BLUCS,./Data/Day6/BLUGRE-c2c-D6-NOON.csv,6,5.1799,4.262,0.9179,control,NOON,0.767
77,male,a7163,BLUCS,./Data/Day2/BLUGRE-c2d-D2-AM.csv,2,28.9699,19.9795,8.9904,control,AM,0.449
78,male,a7163,BLUCS,./Data/Day6/BLUGRE-c2d-D6-PM.csv,6,28.22686667,26.6945,1.532366667,control,PM,0.449
79,male,a7729,BLUCS,./Data/Day2/BLUGRE-c2b-D2-AM.csv,2,29.7675,2.393,27.3745,control,AM,0.554
80,male,a7729,BLUCS,./Data/Day6/BLUGRE-c2b-D6-NOON.csv,6,31.4599,38.929,-7.4691,control,NOON,0.554
81,female,a7322,BLUCS,./Data/Day3/BLUGRE-c3e-D3-PM.csv,3,29.14916667,30.024,-0.874833333,control,PM,0.511
82,female,a7322,BLUCS,./Data/Day7/BLUGRE-c3e-D7-NOON.csv,7,21.45896667,46.424,-24.96503333,control,NOON,0.511
83,male,a7564,BLUCS,./Data/Day3/BLUGRE-c3d-D3-PM.csv,3,29.0679,30.0435,-0.9756,control,PM,0.345
84,male,a7564,BLUCS,./Data/Day7/BLUGRE-c3d-D7-AM.csv,6,8.956766667,4.363,4.593766667,control,AM,0.345
85,female,a7679,BLUCS,./Data/Day3/BLUGRE-c3b-D3-NOON.csv,3,31.1813,30.0295,1.1518,control,NOON,0.625
86,female,a7679,BLUCS,./Data/Day7/BLUGRE-c3b-D7-AM.csv,6,24.51953333,20.1075,4.412033333,control,AM,0.625
87,male,a7466,BLUCS,./Data/Day3/BLUGRE-c3d-D3-PM.csv,3,28.50843333,19.4855,9.022933333,control,PM,0.38
88,male,a7466,BLUCS,./Data/Day7/BLUGRE-c3d-D7-AM.csv,6,23.07796667,1.691,21.38696667,control,AM,0.38
89,female,a7279,BLUCS,./Data/Day3/BLUGRE-c3a-D3-NOON.csv,3,49.52916667,6.916,42.61316667,control,NOON,0.795
90,female,a7279,BLUCS,./Data/Day7/BLUGRE-c3a-D7-AM.csv,6,34.99646667,17.506,17.49046667,control,AM,0.795
91,female,a7497,BLUCS,./Data/Day3/BLUGRE-c3e-D3-PM.csv,3,33.15146667,30.024,3.127466667,control,PM,0.695
92,female,a7497,BLUCS,./Data/Day7/BLUGRE-c3e-D7-NOON.csv,7,39.15683333,57.6005,-18.44366667,control,NOON,0.695
93,female,a7044,BLUCS,./Data/Day3/BLUGRE-c3d-D3-PM.csv,3,32.35713333,21.4625,10.89463333,control,PM,0.85
94,female,a7044,BLUCS,./Data/Day7/BLUGRE-c3d-D7-AM.csv,6,37.83396667,36.258,1.575966667,control,AM,0.85
95,male,a7361,BLUCS,./Data/Day3/BLUGRE-c3b-D3-NOON.csv,3,52.4085,29.9625,22.446,control,NOON,0.43
96,male,a7361,BLUCS,./Data/Day7/BLUGRE-c3b-D7-AM.csv,6,14.82593333,5.62,9.205933333,control,AM,0.43
97,female,a6885,BLUCS,./Data/Day3/BLUGRE-c3a-D3-NOON.csv,3,25.71513333,26.741,-1.025866667,control,NOON,0.626
98,female,a6885,BLUCS,./Data/Day7/BLUGRE-c3a-D7-AM.csv,6,23.235,5.729,17.506,control,AM,0.626
99,female,a6845,BLUCS,./Data/Day3/BLUGRE-c3c-D3-NOON.csv,3,30.04703333,12.8745,17.17253333,control,NOON,0.542
100,female,a6845,BLUCS,./Data/Day7/BLUGRE-c3c-D7-AM.csv,6,47.509,24.2525,23.2565,control,AM,0.542
101,male,a7730,BLUCS,./Data/Day3/BLUGRE-c3c-D3-NOON.csv,3,29.13836667,29.8975,-0.759133333,control,NOON,0.444
102,male,a7730,BLUCS,./Data/Day7/BLUGRE-c3c-D7-AM.csv,6,28.06986667,22.4505,5.619366667,control,AM,0.444
103,female,a7093,BLUCS,./Data/Day3/BLUGRE-c3d-D3-PM.csv,3,31.59103333,22.4345,9.156533333,control,PM,0.663
104,female,a7093,BLUCS,./Data/Day7/BLUGRE-c3d-D7-AM.csv,6,32.36596667,17.1595,15.20646667,control,AM,0.663
105,male,a7017,BLUCS,./Data/Day3/BLUGRE-c3b-D3-NOON.csv,3,47.71906667,31.0005,16.71856667,control,NOON,0.47
106,male,a7017,BLUCS,./Data/Day7/BLUGRE-c3b-D7-AM.csv,6,39.77543333,2.5255,37.24993333,control,AM,0.47
107,male,a7611,BLUCS,./Data/Day3/BLUGRE-c3c-D3-NOON.csv,3,53.86126667,31.9035,21.95776667,control,NOON,0.462
108,male,a7611,BLUCS,./Data/Day7/BLUGRE-c3c-D7-AM.csv,6,45.16293333,45.678,-0.515066667,control,AM,0.462
109,female,a7552,BLUCS,./Data/Day3/BLUGRE-c3c-D3-NOON.csv,3,30.20396667,4.3865,25.81746667,control,NOON,0.738
110,female,a7552,BLUCS,./Data/Day7/BLUGRE-c3c-D7-AM.csv,6,14.8564,30.437,-15.5806,control,AM,0.738
111,male,a7144,BLUCS,./Data/Day3/BLUGRE-c3a-D3-NOON.csv,3,49.35516667,53.2255,-3.870333333,control,NOON,0.435
112,male,a7144,BLUCS,./Data/Day7/BLUGRE-c3a-D7-AM.csv,6,33.8998,8.686,25.2138,control,AM,0.435
113,male,a7264,BLUCS,./Data/Day3/BLUGRE-c3e-D3-PM.csv,3,26.52813333,30.0925,-3.564366667,control,PM,0.447
114,male,a7264,BLUCS,./Data/Day7/BLUGRE-c3e-D7-NOON.csv,7,31.3952,7.8805,23.5147,control,NOON,0.447
115,female,a7232,BLUCS,./Data/Day3/BLUGRE-c3e-D3-PM.csv,3,38.26316667,30.024,8.239166667,control,PM,0.669
116,female,a7232,BLUCS,./Data/Day7/BLUGRE-c3e-D7-NOON.csv,7,36.25996667,30.0475,6.212466667,control,NOON,0.669
117,female,a6813,BLUCS,./Data/Day3/BLUGRE-c3b-D3-NOON.csv,3,33.0997,32.6385,0.4612,control,NOON,0.662
118,female,a6813,BLUCS,./Data/Day7/BLUGRE-c3b-D7-AM.csv,6,41.44293333,10.919,30.52393333,control,AM,0.662
119,male,a8043,BLUCS,./Data/Day3/BLUGRE-c3a-D3-NOON.csv,3,21.3852,8.37,13.0152,control,NOON,0.483
120,male,a8043,BLUCS,./Data/Day7/BLUGRE-c3a-D7-AM.csv,6,10.15256667,3.0875,7.065066667,control,AM,0.483
121,female,a7020,BLUCS,./Data/Day4/BLUGRE-c4a-D4-AM.csv,4,25.22566667,30.771,-5.545333333,control,AM,0.584
122,female,a7020,BLUCS,./Data/Day8/BLUGRE-c4a-D8-NOON.csv,8,41.18893333,30.0315,11.15743333,control,NOON,0.584
123,male,a7737,BLUCS,./Data/Day4/BLUGRE-c4d-D4-AM.csv,4,34.66313333,27.52,7.143133333,control,AM,0.389
124,male,a7737,BLUCS,./Data/Day8/BLUGRE-c4d-D8-PM.csv,8,38.79796667,29.3335,9.464466667,control,PM,0.389
125,female,a7367,BLUCS,./Data/Day4/BLUGRE-c4b-D4-AM.csv,4,15.36693333,12.7505,2.616433333,control,AM,0.619
126,female,a7367,BLUCS,./Data/Day8/BLUGRE-c4b-D8-NOON.csv,8,53.9884,2.5995,51.3889,control,NOON,0.619
127,male,a6807,BLUCS,./Data/Day4/BLUGRE-c4a-D4-AM.csv,4,28.6654,22.4985,6.1669,control,AM,0.43
128,male,a6807,BLUCS,./Data/Day8/BLUGRE-c4a-D8-NOON.csv,8,33.04156667,30.0315,3.010066667,control,NOON,0.43
129,male,a8066,BLUCS,./Data/Day4/BLUGRE-c4e-D4-NOON.csv,4,33.99393333,3.6745,30.31943333,control,NOON,0.428
130,male,a8066,BLUCS,./Data/Day8/BLUGRE-c4e-D8-PM.csv,8,36.76413333,14.804,21.96013333,control,PM,0.428
131,female,a7661,BLUCS,./Data/Day4/BLUGRE-c4e-D4-NOON.csv,4,33.04533333,30.267,2.778333333,control,NOON,0.472
132,female,a7661,BLUCS,./Data/Day8/BLUGRE-c4e-D8-PM.csv,8,41.86233333,30.5735,11.28883333,control,PM,0.472
133,female,a6971,BLUCS,./Data/Day4/BLUGRE-c4b-D4-AM.csv,4,36.64333333,10.6505,25.99283333,control,AM,0.566
134,female,a6971,BLUCS,./Data/Day8/BLUGRE-c4b-D8-NOON.csv,8,44.03013333,22.5905,21.43963333,control,NOON,0.566
135,female,a8045,BLUCS,./Data/Day4/BLUGRE-c4c-D4-AM.csv,4,31.57953333,29.917,1.662533333,control,AM,0.413
136,female,a8045,BLUCS,./Data/Day8/BLUGRE-c4c-D8-NOON.csv,8,26.66506667,10.2255,16.43956667,control,NOON,0.413
137,female,a7201,BLUCS,./Data/Day4/BLUGRE-c4b-D4-AM.csv,4,34.14656667,59.153,-25.00643333,control,AM,0.656
138,female,a7201,BLUCS,./Data/Day8/BLUGRE-c4b-D8-NOON.csv,8,32.66506667,29.572,3.093066667,control,NOON,0.656
139,male,a7492,BLUCS,./Data/Day4/BLUGRE-c4c-D4-AM.csv,4,25.45986667,23.3345,2.125366667,control,AM,0.402
140,male,a7492,BLUCS,./Data/Day8/BLUGRE-c4c-D8-NOON.csv,8,3.803766667,3.7385,0.065266667,control,NOON,0.402
141,female,a6930,BLUCS,./Data/Day4/BLUGRE-c4d-D4-AM.csv,4,29.292,19.904,9.388,control,AM,0.69
142,female,a6930,BLUCS,./Data/Day8/BLUGRE-c4d-D8-PM.csv,8,39.22743333,33.365,5.862433333,control,PM,0.69
143,male,a6843,BLUCS,./Data/Day4/BLUGRE-c4c-D4-AM.csv,4,55.34866667,12.7475,42.60116667,control,AM,0.502
144,male,a6843,BLUCS,./Data/Day8/BLUGRE-c4c-D8-NOON.csv,8,27.53856667,17.9325,9.606066667,control,NOON,0.502
145,female,a7418,BLUCS,./Data/Day4/BLUGRE-c4e-D4-NOON.csv,4,35.60313333,26.858,8.745133333,control,NOON,0.55
146,female,a7418,BLUCS,./Data/Day8/BLUGRE-c4e-D8-PM.csv,8,43.2307,13.5545,29.6762,control,PM,0.55
147,male,a7696,BLUCS,./Data/Day4/BLUGRE-c4c-D4-AM.csv,4,36.8989,20.343,16.5559,control,AM,0.391
148,male,a7696,BLUCS,./Data/Day8/BLUGRE-c4c-D8-NOON.csv,8,34.5601,17.837,16.7231,control,NOON,0.391
149,male,a7184,BLUCS,./Data/Day4/BLUGRE-c4d-D4-AM.csv,4,24.536,43.76,-19.224,control,AM,0.401
150,male,a7184,BLUCS,./Data/Day8/BLUGRE-c4d-D8-PM.csv,8,32.73256667,35.523,-2.790433333,control,PM,0.401
151,female,a7601,BLUCS,./Data/Day4/BLUGRE-c4a-D4-AM.csv,4,32.2829,30.0315,2.2514,control,AM,0.668
152,female,a7601,BLUCS,./Data/Day8/BLUGRE-c4a-D8-NOON.csv,8,38.8326,30.0315,8.8011,control,NOON,0.668
153,female,a7438,BLUCS,./Data/Day4/BLUGRE-c4b-D4-AM.csv,4,25.7808,34.6525,-8.8717,control,AM,0.676
154,female,a7438,BLUCS,./Data/Day8/BLUGRE-c4b-D8-NOON.csv,8,31.39833333,9.4695,21.92883333,control,NOON,0.676
155,female,a7578,BLUCS,./Data/Day4/BLUGRE-c4d-D4-AM.csv,4,41.17076667,52.5275,-11.35673333,control,AM,0.693
156,female,a7578,BLUCS,./Data/Day8/BLUGRE-c4d-D8-PM.csv,8,33.6417,30.0405,3.6012,control,PM,0.693
157,female,a7059,BLUCS,./Data/Day4/BLUGRE-c4a-D4-AM.csv,4,33.03606667,25.1385,7.897566667,control,AM,0.543
158,female,a7059,BLUCS,./Data/Day8/BLUGRE-c4a-D8-NOON.csv,8,30.42493333,23.0025,7.422433333,control,NOON,0.543
159,female,a7259,BLUCS,./Data/Day4/BLUGRE-c4e-D4-NOON.csv,4,26.29173333,20.586,5.705733333,control,NOON,0.491
160,female,a7259,BLUCS,./Data/Day8/BLUGRE-c4e-D8-PM.csv,8,20.35243333,39.318,-18.96556667,control,PM,0.491
161,female,a7087,BLUCS,./Data/Day1/BLUGRE-t1c-D1-AM.csv,1,20.19586667,16.47,3.725866667,treatment,AM,0.688
162,female,a7087,BLUCS,./Data/Day5/BLUGRE-t1c-D5-NOON.csv,5,26.3222,11.048,15.2742,treatment,NOON,0.688
163,male,a7683,BLUCS,./Data/Day1/BLUGRE-t1c-D1-AM.csv,1,1.0256,2.5635,-1.5379,treatment,AM,0.703
164,male,a7683,BLUCS,./Data/Day5/BLUGRE-t1c-D5-NOON.csv,5,4.716733333,21.391,-16.67426667,treatment,NOON,0.703
165,female,a6925,BLUCS,./Data/Day1/BLUGRE-t1b-D1-AM.csv,1,1.310066667,4.0445,-2.734433333,treatment,AM,0.724
166,female,a6925,BLUCS,./Data/Day5/BLUGRE-t1b-D5-NOON.csv,5,28.45773333,16.8885,11.56923333,treatment,NOON,0.724
167,male,a7599,BLUCS,./Data/Day1/BLUGRE-t1a-D1-AM.csv,1,47.38906667,47.642,-0.252933333,treatment,AM,0.499
168,male,a7599,BLUCS,./Data/Day5/BLUGRE-t1a-D5-NOON.csv,5,13.94376667,6.253,7.690766667,treatment,NOON,0.499
169,male,a7269,BLUCS,./Data/Day1/BLUGRE-t1a-D1-AM.csv,1,56.39796667,32.999,23.39896667,treatment,AM,0.452
170,male,a7269,BLUCS,./Data/Day5/BLUGRE-t1a-D5-NOON.csv,5,55.3848,42.925,12.4598,treatment,NOON,0.452
171,female,a6894,BLUCS,./Data/Day1/BLUGRE-t1e-D1-NOON.csv,1,35.6065,4.2135,31.393,treatment,NOON,1.062
172,female,a6894,BLUCS,./Data/Day5/BLUGRE-t1e-D5-PM.csv,5,9.045333333,2.532,6.513333333,treatment,PM,1.062
173,male,a7412,BLUCS,./Data/Day1/BLUGRE-t1d-D1-AM.csv,1,41.40216667,11.023,30.37916667,treatment,AM,0.618
174,male,a7412,BLUCS,./Data/Day5/BLUGRE-t1d-D5-PM.csv,5,15.76596667,4.419,11.34696667,treatment,PM,0.618
175,male,a6991,BLUCS,./Data/Day1/BLUGRE-t1e-D1-NOON.csv,1,26.3881,2.7615,23.6266,treatment,NOON,0.566
176,male,a6991,BLUCS,./Data/Day5/BLUGRE-t1e-D5-PM.csv,5,28.62186667,30.02,-1.398133333,treatment,PM,0.566
177,male,a7723,BLUCS,./Data/Day1/BLUGRE-t1b-D1-AM.csv,1,36.5821,2.6365,33.9456,treatment,AM,0.446
178,male,a7723,BLUCS,./Data/Day5/BLUGRE-t1b-D5-NOON.csv,5,28.9692,35.2345,-6.2653,treatment,NOON,0.446
179,female,a7662,BLUCS,./Data/Day1/BLUGRE-t1b-D1-AM.csv,1,24.74783333,57.076,-32.32816667,treatment,AM,0.99
180,female,a7662,BLUCS,./Data/Day5/BLUGRE-t1b-D5-NOON.csv,5,37.51963333,47.3045,-9.784866667,treatment,NOON,0.99
181,female,a7292,BLUCS,./Data/Day1/BLUGRE-t1c-D1-AM.csv,1,1.428066667,6.127,-4.698933333,treatment,AM,0.879
182,female,a7292,BLUCS,./Data/Day5/BLUGRE-t1c-D5-NOON.csv,5,26.30346667,30.0425,-3.739033333,treatment,NOON,0.879
183,male,a7191,BLUCS,./Data/Day1/BLUGRE-t1d-D1-AM.csv,1,19.98593333,34.7475,-14.76156667,treatment,AM,0.531
184,male,a7191,BLUCS,./Data/Day5/BLUGRE-t1d-D5-PM.csv,5,21.992,29.3645,-7.3725,treatment,PM,0.531
185,male,a7468,BLUCS,./Data/Day1/BLUGRE-t1e-D1-NOON.csv,1,45.37726667,22.604,22.77326667,treatment,NOON,0.507
186,male,a7468,BLUCS,./Data/Day5/BLUGRE-t1e-D5-PM.csv,5,31.21686667,30.02,1.196866667,treatment,PM,0.507
187,male,a7062,BLUCS,./Data/Day1/BLUGRE-t1d-D1-AM.csv,1,30.94833333,30.0255,0.922833333,treatment,AM,0.585
188,male,a7062,BLUCS,./Data/Day5/BLUGRE-t1d-D5-PM.csv,5,30.2052,29.5855,0.6197,treatment,PM,0.585
189,female,a7550,BLUCS,./Data/Day1/BLUGRE-t1e-D1-NOON.csv,1,17.9564,15.701,2.2554,treatment,NOON,1.061
190,female,a7550,BLUCS,./Data/Day5/BLUGRE-t1e-D5-PM.csv,5,3.335966667,3.798,-0.462033333,treatment,PM,1.061
191,male,a7155,BLUCS,./Data/Day1/BLUGRE-t1c-D1-AM.csv,1,8.5128,6.004,2.5088,treatment,AM,0.517
192,male,a7155,BLUCS,./Data/Day5/BLUGRE-t1c-D5-NOON.csv,5,13.3269,0.7705,12.5564,treatment,NOON,0.517
193,female,a7319,BLUCS,./Data/Day1/BLUGRE-t1a-D1-AM.csv,1,25.36143333,2.5305,22.83093333,treatment,AM,0.74
194,female,a7319,BLUCS,./Data/Day5/BLUGRE-t1a-D5-NOON.csv,5,43.37656667,27.9955,15.38106667,treatment,NOON,0.74
195,female,a6825,BLUCS,./Data/Day1/BLUGRE-t1a-D1-AM.csv,1,35.8881,40.896,-5.0079,treatment,AM,0.758
196,female,a6825,BLUCS,./Data/Day5/BLUGRE-t1a-D5-NOON.csv,5,7.939833333,9.423,-1.483166667,treatment,NOON,0.758
197,male,a6998,BLUCS,./Data/Day1/BLUGRE-t1b-D1-AM.csv,1,26.3881,13.6305,12.7576,treatment,AM,0.636
198,male,a6998,BLUCS,./Data/Day5/BLUGRE-t1b-D5-NOON.csv,5,20.33273333,4.4555,15.87723333,treatment,NOON,0.636
199,female,a7089,BLUCS,./Data/Day2/BLUGRE-t2d-D2-NOON.csv,2,8.915,3.783,5.132,treatment,NOON,0.942
200,female,a7089,BLUCS,./Data/Day6/BLUGRE-t2d-D6-AM.csv,5,24.70263333,0.9825,23.72013333,treatment,AM,0.942
201,male,a7724,BLUCS,./Data/Day2/BLUGRE-t2b-D2-NOON.csv,2,6.659566667,30.026,-23.36643333,treatment,NOON,0.557
202,male,a7724,BLUCS,./Data/Day6/BLUGRE-t2b-D6-AM.csv,5,5.107566667,29.924,-24.81643333,treatment,AM,0.557
203,female,a7222,BLUCS,./Data/Day2/BLUGRE-t2d-D2-NOON.csv,2,18.77993333,2.753,16.02693333,treatment,NOON,0.945
204,female,a7222,BLUCS,./Data/Day6/BLUGRE-t2d-D6-AM.csv,5,26.8349,3.0945,23.7404,treatment,AM,0.945
205,male,a7375,BLUCS,./Data/Day2/BLUGRE-t2e-D2-NOON.csv,2,26.7092,39.1745,-12.4653,treatment,NOON,0.513
206,male,a7375,BLUCS,./Data/Day6/BLUGRE-t2e-D6-NOON.csv,6,15.9212,4.4385,11.4827,treatment,NOON,0.513
207,female,a6932,BLUCS,./Data/Day2/BLUGRE-t2d-D2-NOON.csv,2,35.01586667,23.228,11.78786667,treatment,NOON,0.988
208,female,a6932,BLUCS,./Data/Day6/BLUGRE-t2d-D6-AM.csv,5,52.17836667,30.039,22.13936667,treatment,AM,0.988
209,female,a8071,BLUCS,./Data/Day2/BLUGRE-t2b-D2-NOON.csv,2,29.31796667,3.449,25.86896667,treatment,NOON,0.977
210,female,a8071,BLUCS,./Data/Day6/BLUGRE-t2b-D6-AM.csv,5,28.65953333,0.995,27.66453333,treatment,AM,0.977
211,male,a7054,BLUCS,./Data/Day2/BLUGRE-t2c-D2-NOON.csv,2,31.70233333,30.0385,1.663833333,treatment,NOON,0.581
212,male,a7054,BLUCS,./Data/Day6/BLUGRE-t2c-D6-AM.csv,5,48.59696667,30.0365,18.56046667,treatment,AM,0.581
213,female,a6840,BLUCS,./Data/Day2/BLUGRE-t2c-D2-NOON.csv,2,24.06413333,30.0385,-5.974366667,treatment,NOON,0.906
214,female,a6840,BLUCS,./Data/Day6/BLUGRE-t2c-D6-AM.csv,5,32.0978,30.069,2.0288,treatment,AM,0.906
215,male,a7411,BLUCS,./Data/Day2/BLUGRE-t2b-D2-NOON.csv,2,41.76306667,26.2965,15.46656667,treatment,NOON,0.551
216,male,a7411,BLUCS,./Data/Day6/BLUGRE-t2b-D6-AM.csv,5,53.26626667,32.6905,20.57576667,treatment,AM,0.551
217,female,a6883,BLUCS,./Data/Day2/BLUGRE-t2a-D2-NOON.csv,2,46.16046667,58.491,-12.33053333,treatment,NOON,0.851
218,female,a6883,BLUCS,./Data/Day6/BLUGRE-t2a-D6-AM.csv,5,32.10816667,25.7235,6.384666667,treatment,AM,0.851
219,female,a8067,BLUCS,./Data/Day2/BLUGRE-t2e-D2-NOON.csv,2,36.6781,30.0365,6.6416,treatment,NOON,0.963
220,female,a8067,BLUCS,./Data/Day6/BLUGRE-t2e-D6-NOON.csv,6,45.84023333,26.2075,19.63273333,treatment,NOON,0.963
221,male,a7570,BLUCS,./Data/Day2/BLUGRE-t2d-D2-NOON.csv,2,19.92546667,41.7085,-21.78303333,treatment,NOON,0.705
222,male,a7570,BLUCS,./Data/Day6/BLUGRE-t2d-D6-AM.csv,5,30.33546667,30.039,0.296466667,treatment,AM,0.705
223,female,a7288,BLUCS,./Data/Day2/BLUGRE-t2c-D2-NOON.csv,2,38.2641,30.04,8.2241,treatment,NOON,1.023
224,female,a7288,BLUCS,./Data/Day6/BLUGRE-t2c-D6-AM.csv,5,48.0264,56.709,-8.6826,treatment,AM,1.023
225,female,a7649,BLUCS,./Data/Day2/BLUGRE-t2e-D2-NOON.csv,2,37.15153333,29.6125,7.539033333,treatment,NOON,0.739
226,female,a7649,BLUCS,./Data/Day6/BLUGRE-t2e-D6-NOON.csv,6,43.02623333,36.804,6.222233333,treatment,NOON,0.739
227,male,a6833,BLUCS,./Data/Day2/BLUGRE-t2b-D2-NOON.csv,2,26.0542,30.0425,-3.9883,treatment,NOON,0.537
228,male,a6833,BLUCS,./Data/Day6/BLUGRE-t2b-D6-AM.csv,5,27.41986667,30.0245,-2.604633333,treatment,AM,0.537
229,male,a7142,BLUCS,./Data/Day2/BLUGRE-t2a-D2-NOON.csv,2,35.24333333,6.4335,28.80983333,treatment,NOON,0.527
230,male,a7142,BLUCS,./Data/Day6/BLUGRE-t2a-D6-AM.csv,5,40.8276,12.4735,28.3541,treatment,AM,0.527
231,male,a7461,BLUCS,./Data/Day2/BLUGRE-t2a-D2-NOON.csv,2,29.33173333,2.1445,27.18723333,treatment,NOON,0.462
232,male,a7461,BLUCS,./Data/Day6/BLUGRE-t2a-D6-AM.csv,5,25.33513333,1.495,23.84013333,treatment,AM,0.462
233,female,a8050,BLUCS,./Data/Day2/BLUGRE-t2e-D2-NOON.csv,2,30.73123333,30.0365,0.694733333,treatment,NOON,0.858
234,female,a8050,BLUCS,./Data/Day6/BLUGRE-t2e-D6-NOON.csv,6,32.87756667,24.3295,8.548066667,treatment,NOON,0.858
235,male,a7251,BLUCS,./Data/Day2/BLUGRE-t2a-D2-NOON.csv,2,42.18043333,3.911,38.26943333,treatment,NOON,0.507
236,male,a7251,BLUCS,./Data/Day6/BLUGRE-t2a-D6-AM.csv,5,19.05586667,0.777,18.27886667,treatment,AM,0.507
237,male,a7167,BLUCS,./Data/Day2/BLUGRE-t2c-D2-NOON.csv,2,35.40076667,30.0385,5.362266667,treatment,NOON,0.465
238,male,a7167,BLUCS,./Data/Day6/BLUGRE-t2c-D6-AM.csv,5,20.4668,41.235,-20.7682,treatment,AM,0.465
239,female,a7556,BLUCS,./Data/Day3/BLUGRE-t3c-D3-AM.csv,2,24.31376667,30.0435,-5.729733333,treatment,AM,0.914
240,female,a7556,BLUCS,./Data/Day7/BLUGRE-t3c-D7-NOON.csv,7,23.75296667,30.731,-6.978033333,treatment,NOON,0.914
241,female,a7484,BLUCS,./Data/Day3/BLUGRE-t3c-D3-AM.csv,2,40.23236667,30.039,10.19336667,treatment,AM,0.649
242,female,a7484,BLUCS,./Data/Day7/BLUGRE-t3c-D7-NOON.csv,7,49.1806,32.6305,16.5501,treatment,NOON,0.649
243,female,a7019,BLUCS,./Data/Day3/BLUGRE-t3b-D3-AM.csv,2,41.13993333,30.027,11.11293333,treatment,AM,0.812
244,female,a7019,BLUCS,./Data/Day7/BLUGRE-t3b-D7-NOON.csv,7,20.84786667,17.3515,3.496366667,treatment,NOON,0.812
245,female,a7459,BLUCS,./Data/Day3/BLUGRE-t3a-D3-AM.csv,2,45.8993,39.032,6.8673,treatment,AM,0.698
246,female,a7459,BLUCS,./Data/Day7/BLUGRE-t3a-D7-NOON.csv,7,32.1799,54.7695,-22.5896,treatment,NOON,0.698
247,female,a7210,BLUCS,./Data/Day3/BLUGRE-t3e-D3-NOON.csv,3,30.0818,30.0375,0.0443,treatment,NOON,0.768
248,female,a7210,BLUCS,./Data/Day7/BLUGRE-t3e-D7-PM.csv,7,41.1821,30.0285,11.1536,treatment,PM,0.768
249,male,a7139,BLUCS,./Data/Day3/BLUGRE-t3b-D3-AM.csv,2,41.73196667,29.3465,12.38546667,treatment,AM,0.498
250,male,a7139,BLUCS,./Data/Day7/BLUGRE-t3b-D7-NOON.csv,7,46.51676667,41.5955,4.921266667,treatment,NOON,0.498
251,female,a7640,BLUCS,./Data/Day3/BLUGRE-t3e-D3-NOON.csv,3,51.61843333,30.0285,21.58993333,treatment,NOON,0.923
252,female,a7640,BLUCS,./Data/Day7/BLUGRE-t3e-D7-PM.csv,7,37.4097,1.8745,35.5352,treatment,PM,0.923
253,female,a8063,BLUCS,./Data/Day3/BLUGRE-t3e-D3-NOON.csv,3,39.6115,37.9145,1.697,treatment,NOON,0.784
254,female,a8063,BLUCS,./Data/Day7/BLUGRE-t3e-D7-PM.csv,7,31.31323333,3.864,27.44923333,treatment,PM,0.784
255,male,a8070,BLUCS,./Data/Day3/BLUGRE-t3a-D3-AM.csv,2,24.7889,28.434,-3.6451,treatment,AM,0.519
256,male,a8070,BLUCS,./Data/Day7/BLUGRE-t3a-D7-NOON.csv,7,34.31316667,20.3755,13.93766667,treatment,NOON,0.519
257,female,a7160,BLUCS,./Data/Day3/BLUGRE-t3d-D3-AM.csv,2,20.44566667,58.0465,-37.60083333,treatment,AM,0.767
258,female,a7160,BLUCS,./Data/Day7/BLUGRE-t3d-D7-PM.csv,7,11.24576667,30.0565,-18.81073333,treatment,PM,0.767
259,male,a7414,BLUCS,./Data/Day3/BLUGRE-t3a-D3-AM.csv,2,33.75563333,24.6385,9.117133333,treatment,AM,0.487
260,male,a7414,BLUCS,./Data/Day7/BLUGRE-t3a-D7-NOON.csv,7,45.15943333,22.6055,22.55393333,treatment,NOON,0.487
261,female,a7296,BLUCS,./Data/Day3/BLUGRE-t3b-D3-AM.csv,2,27.0566,30.027,-2.9704,treatment,AM,0.757
262,female,a7296,BLUCS,./Data/Day7/BLUGRE-t3b-D7-NOON.csv,7,7.211933333,2.3175,4.894433333,treatment,NOON,0.757
263,female,a7091,BLUCS,./Data/Day3/BLUGRE-t3d-D3-AM.csv,2,22.58693333,25.173,-2.586066667,treatment,AM,0.769
264,female,a7091,BLUCS,./Data/Day7/BLUGRE-t3d-D7-PM.csv,7,38.40393333,50.7975,-12.39356667,treatment,PM,0.769
265,male,a7045,BLUCS,./Data/Day3/BLUGRE-t3d-D3-AM.csv,2,32.75533333,3.7395,29.01583333,treatment,AM,0.554
266,male,a7045,BLUCS,./Data/Day7/BLUGRE-t3d-D7-PM.csv,7,21.56493333,3.617,17.94793333,treatment,PM,0.554
267,male,a7325,BLUCS,./Data/Day3/BLUGRE-t3d-D3-AM.csv,2,42.6764,30.043,12.6334,treatment,AM,0.458
268,male,a7325,BLUCS,./Data/Day7/BLUGRE-t3d-D7-PM.csv,7,27.81893333,30.0565,-2.237566667,treatment,PM,0.458
269,male,a6808,BLUCS,./Data/Day3/BLUGRE-t3a-D3-AM.csv,2,14.68356667,22.547,-7.863433333,treatment,AM,0.47
270,male,a6808,BLUCS,./Data/Day7/BLUGRE-t3a-D7-NOON.csv,7,6.566666667,1.4195,5.147166667,treatment,NOON,0.47
271,male,a6996,BLUCS,./Data/Day3/BLUGRE-t3e-D3-NOON.csv,3,30.74106667,6.521,24.22006667,treatment,NOON,0.62
272,male,a6996,BLUCS,./Data/Day7/BLUGRE-t3e-D7-PM.csv,7,28.84626667,13.2545,15.59176667,treatment,PM,0.62
273,male,a6842,BLUCS,./Data/Day3/BLUGRE-t3c-D3-AM.csv,2,32.90013333,35.4545,-2.554366667,treatment,AM,0.508
274,male,a6842,BLUCS,./Data/Day7/BLUGRE-t3c-D7-NOON.csv,7,34.16113333,4.8215,29.33963333,treatment,NOON,0.508
275,male,a6882,BLUCS,./Data/Day3/BLUGRE-t3b-D3-AM.csv,2,38.44533333,22.9455,15.49983333,treatment,AM,0.597
276,male,a6882,BLUCS,./Data/Day7/BLUGRE-t3b-D7-NOON.csv,7,34.915,28.9375,5.9775,treatment,NOON,0.597
277,female,a7686,BLUCS,./Data/Day3/BLUGRE-t3c-D3-AM.csv,2,29.23936667,30.0435,-0.804133333,treatment,AM,0.83
278,female,a7686,BLUCS,./Data/Day7/BLUGRE-t3c-D7-NOON.csv,7,6.640833333,6.3765,0.264333333,treatment,NOON,0.83
279,male,a6869,BLUCS,./Data/Day4/BLUGRE-t4c-D4-NOON.csv,4,40.49623333,10.431,30.06523333,treatment,NOON,0.493
280,male,a6869,BLUCS,./Data/Day8/BLUGRE-t4c-D8-AM.csv,8,48.28506667,4.041,44.24406667,treatment,AM,0.493
281,male,a6799,BLUCS,./Data/Day4/BLUGRE-t4a-D4-NOON.csv,4,41.19883333,30.127,11.07183333,treatment,NOON,0.546
282,male,a6799,BLUCS,./Data/Day8/BLUGRE-t4a-D8-AM.csv,8,38.8874,30.0485,8.8389,treatment,AM,0.546
283,male,a8057,BLUCS,./Data/Day4/BLUGRE-t4a-D4-NOON.csv,4,42.45436667,30.0375,12.41686667,treatment,NOON,0.475
284,male,a8057,BLUCS,./Data/Day8/BLUGRE-t4a-D8-AM.csv,8,21.66633333,3.5405,18.12583333,treatment,AM,0.475
285,female,a7439,BLUCS,./Data/Day4/BLUGRE-t4b-D4-NOON.csv,4,32.10113333,30.031,2.070133333,treatment,NOON,0.629
286,female,a7439,BLUCS,./Data/Day8/BLUGRE-t4b-D8-AM.csv,8,32.83773333,17.8935,14.94423333,treatment,AM,0.629
287,female,a6961,BLUCS,./Data/Day4/BLUGRE-t4c-D4-NOON.csv,4,24.38486667,48.4455,-24.06063333,treatment,NOON,0.621
288,female,a6961,BLUCS,./Data/Day8/BLUGRE-t4c-D8-AM.csv,8,27.0747,30.032,-2.9573,treatment,AM,0.621
289,male,a7297,BLUCS,./Data/Day4/BLUGRE-t4c-D4-NOON.csv,4,39.86226667,30.025,9.837266667,treatment,NOON,0.553
290,male,a7297,BLUCS,./Data/Day8/BLUGRE-t4c-D8-AM.csv,8,11.9319,30.032,-18.1001,treatment,AM,0.553
291,male,a7180,BLUCS,./Data/Day4/BLUGRE-t4e-D4-PM.csv,4,48.06943333,55.8465,-7.777066667,treatment,PM,0.489
292,male,a7180,BLUCS,./Data/Day8/BLUGRE-t4e-D8-NOON.csv,8,30.72636667,55.1685,-24.44213333,treatment,NOON,0.489
293,male,a7018,BLUCS,./Data/Day4/BLUGRE-t4c-D4-NOON.csv,4,26.6633,27.11,-0.4467,treatment,NOON,0.572
294,male,a7018,BLUCS,./Data/Day8/BLUGRE-t4c-D8-AM.csv,8,44.91813333,17.0795,27.83863333,treatment,AM,0.572
295,female,a7214,BLUCS,./Data/Day4/BLUGRE-t4e-D4-PM.csv,4,30.21046667,30.025,0.185466667,treatment,PM,0.689
296,female,a7214,BLUCS,./Data/Day8/BLUGRE-t4e-D8-NOON.csv,8,31.93346667,30.053,1.880466667,treatment,NOON,0.689
297,female,a7061,BLUCS,./Data/Day4/BLUGRE-t4d-D4-PM.csv.csv,4,29.87486667,30.0455,-0.170633333,treatment,PM,0.83
298,female,a7061,BLUCS,./Data/Day8/BLUGRE-t4d-D8-AM.csv,8,39.08103333,54.815,-15.73396667,treatment,AM,0.83
299,female,a7562,BLUCS,./Data/Day4/BLUGRE-t4d-D4-PM.csv.csv,4,20.55013333,2.392,18.15813333,treatment,PM,0.629
300,female,a7562,BLUCS,./Data/Day8/BLUGRE-t4d-D8-AM.csv,8,24.77216667,34.3845,-9.612333333,treatment,AM,0.629
301,male,a7646,BLUCS,./Data/Day4/BLUGRE-t4e-D4-PM.csv,4,13.54193333,2.2605,11.28143333,treatment,PM,0.564
302,male,a7646,BLUCS,./Data/Day8/BLUGRE-t4e-D8-NOON.csv,8,4.286233333,2.9365,1.349733333,treatment,NOON,0.564
303,male,a7321,BLUCS,./Data/Day4/BLUGRE-t4e-D4-PM.csv,4,48.9972,30.4745,18.5227,treatment,PM,0.457
304,female,a7358,BLUCS,./Data/Day4/BLUGRE-t4b-D4-NOON.csv,4,41.85153333,30.031,11.82053333,treatment,NOON,0.667
305,female,a7358,BLUCS,./Data/Day8/BLUGRE-t4b-D8-AM.csv,8,15.75986667,13.373,2.386866667,treatment,AM,0.667
306,male,a6891,BLUCS,./Data/Day4/BLUGRE-t4b-D4-NOON.csv,4,14.4617,23.133,-8.6713,treatment,NOON,0.578
307,male,a6891,BLUCS,./Data/Day8/BLUGRE-t4b-D8-AM.csv,8,26.08176667,4.5125,21.56926667,treatment,AM,0.578
308,male,a7728,BLUCS,./Data/Day4/BLUGRE-t4b-D4-NOON.csv,4,14.24696667,3.9785,10.26846667,treatment,NOON,0.515
309,male,a7728,BLUCS,./Data/Day8/BLUGRE-t4b-D8-AM.csv,8,41.8667,40.1265,1.7402,treatment,AM,0.515
310,male,a7728,BLUCS,./Data/Day8/BLUGRE-t4e-D8-NOON.csv,8,1.122766667,9.966,-8.843233333,treatment,NOON,0.515
311,female,a7608,BLUCS,./Data/Day4/BLUGRE-t4a-D4-NOON.csv,4,46.68043333,4.2055,42.47493333,treatment,NOON,0.734
312,female,a7608,BLUCS,./Data/Day8/BLUGRE-t4a-D8-AM.csv,8,33.75953333,30.0485,3.711033333,treatment,AM,0.734
313,male,a7138,BLUCS,./Data/Day4/BLUGRE-t4a-D4-NOON.csv,4,26.3737,44.1505,-17.7768,treatment,NOON,0.566
314,male,a7138,BLUCS,./Data/Day8/BLUGRE-t4a-D8-AM.csv,8,25.94903333,1.2915,24.65753333,treatment,AM,0.566
315,female,a7409,BLUCS,./Data/Day4/BLUGRE-t4d-D4-PM.csv.csv,4,51.52346667,58.984,-7.460533333,treatment,PM,0.922
316,female,a7409,BLUCS,./Data/Day8/BLUGRE-t4d-D8-AM.csv,8,10.2386,25.8335,-15.5949,treatment,AM,0.922
317,female,a8062,BLUCS,./Data/Day4/BLUGRE-t4d-D4-PM.csv.csv,4,30.4193,9.5655,20.8538,treatment,PM,0.758
318,female,a8062,BLUCS,./Data/Day8/BLUGRE-t4d-D8-AM.csv,8,34.21883333,30.0395,4.179333333,treatment,AM,0.758
