"","Date","Day","Position","Mark","Sex","Tank","Group","Trial","Fish_ID","Notes","tot_dist","mean_velocity","velocity_sd","velocity_se","high_freq","high_duration","mid_freq","mid_duration","low_freq","low_duration","low_mid_high_trans","high_mid_low_trans","freezing_freq","freezing_dur","tot_duration","Weight(g)"
"1","2/08/2019","Friday","5","Bla._","female","HA_C2","Control","5","a6798",NA,1032.56,2.29499,1.4773,0.0196991,0,0,0,0,1,450,0,0,11,1.36,450,0.608
"2","19/08/2019","Monday","4","Bla._","female","HA_C2","Control","16","a6798",NA,1327.23,2.94991,1.86706,0.0248963,4,25.12,9,42.72,6,382.16,2,1,10,1.12,450,0.608
"3","11/09/2019","Wednesday","2","Bla._","female","HA_C2","Control","11","a6798",NA,1093.81,2.43112,1.28904,0.0171887,0,0,0,0,1,450,0,0,15,1.84,450,0.608
"4","2/08/2019","Friday","2","_.Bla","male","HA_T4","Treatment","24","a6799",NA,895.105,1.98948,1.66169,0.0221578,0,0,0,0,1,450,0,0,38,22.96,450,0.493
"5","19/08/2019","Monday","6","_.Bla","male","HA_T4","Treatment","5","a6799",NA,556.469,1.24101,1.66836,0.0222844,0,0,0,0,4,448.56,0,0,56,63.76,449.44,0.493
"6","11/09/2019","Wednesday","5","_.Bla","male","HA_T4","Treatment","10","a6799",NA,385.905,0.857719,1.41424,0.0188582,0,0,0,0,1,450,0,0,36,249.68,450,0.493
"7","2/08/2019","Friday","5","_.Yel","male","HA_C4","Control","20","a6807",NA,791.637,1.75951,1.43399,0.0191215,0,0,0,0,1,450,0,0,39,19.92,450,0.394
"8","19/08/2019","Monday","1","_.Yel","male","HA_C4","Control","24","a6807",NA,318.112,0.707042,0.557614,0.00743551,0,0,0,0,1,450,0,0,76,39.92,450,0.394
"9","11/09/2019","Wednesday","1","_.Yel","male","HA_C4","Control","5","a6807",NA,1027.82,2.28444,1.93348,0.025782,1,0.56,2,3.76,2,445.68,1,0,24,3.44,450,0.394
"10","2/08/2019","Friday","5","Bla.Blu","male","HA_T3","Treatment","14","a6808","RE-RUN AFTER WATER CHANGE",2020.34,4.49043,3.07342,0.0409826,13,71.68,34,81.76,22,296.56,10,11,5,0.48,450,0.437
"11","19/08/2019","Monday","1","Bla.Blu","male","HA_T3","Treatment","26","a6808",NA,2040.2,4.53459,2.47669,0.0330255,20,85.68,36,105.92,17,258.4,8,7,5,0.4,450,0.437
"12","11/09/2019","Wednesday","2","Bla.Blu","male","HA_T3","Treatment","4","a6808",NA,1667.02,3.70516,1.9672,0.0262317,4,12.32,15,87.92,12,349.76,4,1,7,0.72,450,0.437
"13","2/08/2019","Friday","1","Blu.Pur","female","HA_C3","Control","13","a6813",NA,1399.67,3.11092,2.42849,0.0323828,4,22.16,11,50.72,8,377.12,2,1,15,18,450,0.619
"14","19/08/2019","Monday","1","Blu.Pur","female","HA_C3","Control","4","a6813",NA,2171.74,4.82695,2.94136,0.0392216,12,61.6,30,82.56,19,305.84,10,8,3,0.24,450,0.619
"15","11/09/2019","Wednesday","1","Blu.Pur","female","HA_C3","Control","25","a6813",NA,1154.15,2.56524,2.03212,0.0270974,0,0,3,35.12,4,414.88,0,0,13,75.36,450,0.619
"16","2/08/2019","Friday","2","_.Pur","female","HA_T1","Treatment","4","a6825",NA,1647.85,3.66253,1.85699,0.0247621,1,3.12,5,36.96,5,409.92,1,1,4,0.4,450,0.748
"17","19/08/2019","Monday","3","_.Pur","female","HA_T1","Treatment","12","a6825",NA,2176.71,4.838,2.35084,0.0313473,14,140.64,27,83.2,14,226.16,10,9,1,0.08,450,0.748
"18","11/09/2019","Wednesday","1","_.Pur","female","HA_T1","Treatment","17","a6825",NA,2046.97,4.54963,2.68909,0.0358577,6,49.12,13,36.8,8,364.08,5,6,7,0.72,450,0.748
"19","2/08/2019","Friday","4","Gre.Whi","male","HA_T2","Treatment","9","a6833",NA,1243.61,2.76408,1.48218,0.0197641,0,0,0,0,1,450,0,0,10,1.04,450,0.494
"20","19/08/2019","Monday","5","Gre.Whi","male","HA_T2","Treatment","20","a6833",NA,1632.83,3.62915,2.14941,0.0286613,5,29.28,18,50.32,14,370.4,2,0,8,1.68,450,0.494
"21","11/09/2019","Wednesday","2","Gre.Whi","male","HA_T2","Treatment","22","a6833",NA,2109,4.6875,2.21602,0.0295496,14,82.48,32,132.4,19,235.12,10,5,2,0.16,450,0.494
"22","2/08/2019","Friday","4","_.Pin","male","HA_C4","Control","19","a6839",NA,885.945,1.96912,1.45606,0.0194159,3,15.6,8,29.6,6,404.8,3,3,17,3.36,450,NA
"23","2/08/2019","Friday","5","Pin.Pin","female","HA_T2","Treatment","8","a6840",NA,478.989,1.06461,0.949478,0.0126608,0,0,0,0,1,450,0,0,41,32.32,450,0.797
"24","19/08/2019","Monday","6","Pin.Pin","female","HA_T2","Treatment","20","a6840",NA,1757.57,3.9064,3.05837,0.0407819,11,40.24,24,50.8,14,358.96,9,7,4,0.72,450,0.797
"25","11/09/2019","Wednesday","1","Pin.Pin","female","HA_T2","Treatment","22","a6840",NA,1400.52,3.11282,2.08265,0.0277711,5,38.08,13,34.8,9,377.12,2,3,7,1.76,450,0.797
"26","2/08/2019","Friday","3","Pin.Pur","male","HA_T3","Treatment","15","a6842",NA,1348.89,2.99807,1.50543,0.0200742,0,0,2,4.8,3,445.2,0,0,11,1.12,450,0.478
"27","19/08/2019","Monday","6","Pin.Pur","male","HA_T3","Treatment","25","a6842",NA,779.226,1.73192,1.66094,0.0221479,0,0,0,0,1,450,0,0,35,55.28,450,0.478
"28","11/09/2019","Wednesday","2","Pin.Pur","male","HA_T3","Treatment","1","a6842",NA,1853.17,4.11889,2.54222,0.0338993,10,57.04,19,49.2,10,343.76,7,7,9,1.04,450,0.478
"29","11/09/2019","Wednesday","3","Pin.Blu","male","HA_C4","Control","5","a6843",NA,759.557,1.6882,1.70922,0.0227916,0,0,0,0,1,450,0,0,44,82.96,450,0.462
"30","2/08/2019","Friday","6","Pin.Gre","female","HA_C3","Control","12","a6845",NA,282.717,0.628372,0.725507,0.00967428,0,0,0,0,1,450,0,0,69,140.64,450,0.481
"31","19/08/2019","Monday","3","Pin.Gre","female","HA_C3","Control","1","a6845",NA,453.05,1.00696,0.907328,0.0120988,0,0,0,0,1,450,0,0,64,47.92,450,0.481
"32","11/09/2019","Wednesday","2","Pin.Gre","female","HA_C3","Control","25","a6845",NA,243.484,0.541172,0.636146,0.00848271,0,0,0,0,1,450,0,0,55,165.28,450,0.481
"33","2/08/2019","Friday","6","Pin.Yel","male","HA_C2","Control","4","a6847",NA,1338.48,2.97492,1.92412,0.0256573,5,13.52,10,33.76,6,402.72,3,2,14,2.16,450,0.442
"34","19/08/2019","Monday","3","Pin.Yel","male","HA_C2","Control","14","a6847",NA,763.382,1.69671,1.35816,0.0181104,1,8.64,5,16.8,5,424.56,0,1,28,12,450,0.442
"35","11/09/2019","Wednesday","3","Pin.Yel","male","HA_C2","Control","11","a6847",NA,677.193,1.50514,1.4617,0.0194911,0,0,0,0,1,450,0,0,44,74.56,450,0.442
"36","2/08/2019","Friday","5","Gre.Yel","male","HA_C1","Control","24","a6859",NA,1405.35,3.12356,1.92363,0.0256507,4,9.36,10,39.28,7,401.36,1,1,8,1.76,450,0.511
"37","19/08/2019","Monday","4","Gre.Yel","male","HA_C1","Control","8","a6859",NA,1561.7,3.47105,1.86278,0.0248392,7,24.72,15,75.44,9,349.84,5,4,3,0.4,450,0.511
"38","11/09/2019","Wednesday","5","Gre.Yel","male","HA_C1","Control","19","a6859",NA,301.684,0.670529,0.665891,0.00887933,0,0,0,0,1,450,0,0,73,52.96,450,0.511
"39","2/08/2019","Friday","5","Gre.Gre","male","HA_T4","Treatment","23","a6869",NA,481.794,1.07084,0.966979,0.0128942,0,0,1,0.24,1,449.76,0,0,55,31.12,450,0.463
"40","19/08/2019","Monday","6","Gre.Gre","male","HA_T4","Treatment","6","a6869",NA,342.384,0.760989,1.10438,0.0147264,0,0,0,0,1,450,0,0,60,134.56,450,0.463
"41","11/09/2019","Wednesday","5","Gre.Gre","male","HA_T4","Treatment","7","a6869",NA,56.5788,0.125753,0.382182,0.00509621,0,0,0,0,1,450,0,0,18,392.4,450,0.463
"42","2/08/2019","Friday","4","Blu.Yel","female","HA_C2","Control","4","a6881",NA,1714.73,3.81119,2.44389,0.032588,10,27.92,33,92.4,23,329.68,4,2,4,0.32,450,0.776
"43","19/08/2019","Monday","1","Blu.Yel","female","HA_C2","Control","16","a6881",NA,1538.27,3.41898,2.38581,0.0318137,12,37.44,25,93.04,14,319.52,6,4,9,24.96,450,0.776
"44","11/09/2019","Wednesday","5","Blu.Yel","female","HA_C2","Control","12","a6881",NA,991.025,2.20267,1.7241,0.02299,0,0,0,0,1,450,0,0,9,68.8,450,0.776
"45","2/08/2019","Friday","3","Blu.Pin","male","HA_T3","Treatment","17","a6882",NA,656.508,1.45917,1.18921,0.0158575,0,0,0,0,1,450,0,0,37,25.04,450,0.545
"46","19/08/2019","Monday","6","Blu.Pin","male","HA_T3","Treatment","26","a6882",NA,303.189,0.673872,1.11746,0.0149008,0,0,0,0,1,450,0,0,54,172,450,0.545
"47","11/09/2019","Wednesday","2","Blu.Pin","male","HA_T3","Treatment","2","a6882",NA,280.33,0.623066,0.861095,0.0114823,0,0,0,0,1,450,0,0,37,203.92,450,0.545
"48","2/08/2019","Friday","2","Blu.Ora","female","HA_T2","Treatment","9","a6883",NA,937.462,2.08362,2.43827,0.0325132,0,0,0,0,1,450,0,0,18,166.88,450,0.715
"49","19/08/2019","Monday","6","Blu.Ora","female","HA_T2","Treatment","17","a6883",NA,884.339,1.96555,2.25327,0.0300462,0,0,0,0,1,450,0,0,16,159.6,450,0.715
"50","11/09/2019","Wednesday","3","Blu.Ora","female","HA_T2","Treatment","22","a6883",NA,692.008,1.53807,2.09044,0.027875,0,0,0,0,1,450,0,0,18,230.16,450,0.715
"51","2/08/2019","Friday","5","Blu.Gre","female","HA_C3","Control","11","a6885",NA,1452.52,3.22839,2.3636,0.0315174,4,21.36,14,52.56,10,376.08,0,1,20,17.52,450,0.577
"52","19/08/2019","Monday","1","Blu.Gre","female","HA_C3","Control","3","a6885",NA,1453.99,3.23167,2.45903,0.0327899,17,34.8,27,64.16,11,351.04,2,1,14,8.64,450,0.577
"53","11/09/2019","Wednesday","4","Blu.Gre","female","HA_C3","Control","26","a6885",NA,566.41,1.25891,1.14938,0.0153264,0,0,0,0,1,450,0,0,41,89.04,450,0.577
"54","2/08/2019","Friday","3","Blu.Bla","male","HA_T4","Treatment","23","a6891",NA,1399.88,3.11139,2.06463,0.0275309,0,0,8,5.76,8,444.24,0,0,7,2.24,450,0.531
"55","19/08/2019","Monday","2","Blu.Bla","male","HA_T4","Treatment","7","a6891",NA,1330.67,2.95758,1.79945,0.0239947,1,1.04,3,10.32,2,438.64,1,0,9,14.8,450,0.531
"56","11/09/2019","Wednesday","4","Blu.Bla","male","HA_T4","Treatment","9","a6891",NA,1886.09,4.19205,2.47517,0.0330052,17,52.16,32,103.28,16,294.56,10,7,12,1.44,450,0.531
"57","2/08/2019","Friday","4","Red.Pin","female","HA_T1","Treatment","2","a6894",NA,1300.76,2.89109,1.74483,0.0232665,0,0,0,0,1,450,0,0,13,2.32,450,0.818
"58","19/08/2019","Monday","3","Red.Pin","female","HA_T1","Treatment","13","a6894",NA,1751.34,3.89256,2.13357,0.0284502,10,41.84,17,76.56,8,331.6,4,2,5,0.4,450,0.818
"59","11/09/2019","Wednesday","6","Red.Pin","female","HA_T1","Treatment","16","a6894",NA,753.018,1.67397,1.3672,0.0182326,0,0,0,0,1,449.92,0,0,39,44.4,449.92,0.818
"60","2/08/2019","Friday","6","Red.Red","female","HA_C1","Control","26","a6899",NA,1024.46,2.27698,2.34992,0.0313351,0,0,0,0,1,450,0,0,5,172.16,450,0.726
"61","19/08/2019","Monday","1","Red.Red","female","HA_C1","Control","8","a6899",NA,1796.18,3.99222,1.99091,0.0265479,11,104.96,18,132.32,7,212.72,5,3,4,0.32,450,0.726
"62","11/09/2019","Wednesday","1","Red.Red","female","HA_C1","Control","19","a6899",NA,1197.3,2.66113,1.35934,0.0181261,0,0,0,0,1,450,0,0,18,1.6,450,0.726
"63","2/08/2019","Friday","5","Bla.Pur","female","HA_T1","Treatment","2","a6925",NA,765.227,1.70081,1.38164,0.0184236,0,0,2,18.24,2,431.76,0,0,36,23.44,450,0.702
"64","19/08/2019","Monday","2","Bla.Pur","female","HA_T1","Treatment","14","a6925",NA,885.892,1.969,1.72732,0.023033,0,0,1,2.88,2,447.12,0,0,24,40.08,450,0.702
"65","11/09/2019","Wednesday","1","Bla.Pur","female","HA_T1","Treatment","16","a6925",NA,713.901,1.58673,1.6097,0.0214646,0,0,0,0,1,450,0,0,44,56.16,450,0.702
"66","2/08/2019","Friday","5","Pur._","female","HA_C4","Control","17","a6930",NA,1520.07,3.37853,1.89377,0.0252525,6,97.6,17,76.96,10,275.44,3,1,5,0.56,450,0.637
"67","19/08/2019","Monday","3","Pur._","female","HA_C4","Control","23","a6930",NA,1502.77,3.34008,1.98635,0.026487,13,156.64,27,135.68,14,157.68,7,3,4,0.48,450,0.637
"68","11/09/2019","Wednesday","2","Pur._","female","HA_C4","Control","5","a6930",NA,1009.95,2.24472,1.5072,0.0200979,0,0,8,64.32,8,385.68,0,0,13,2.24,450,0.637
"69","2/08/2019","Friday","6","Pur.Pur","female","HA_T2","Treatment","7","a6932",NA,1751.75,3.89347,2.58397,0.0344559,14,141.12,25,58.8,12,250.08,6,7,7,0.56,450,0.881
"70","19/08/2019","Monday","6","Pur.Pur","female","HA_T2","Treatment","19","a6932",NA,2072.91,4.60729,3.38197,0.0450969,24,343.36,32,49.84,9,56.8,8,5,9,0.88,450,0.881
"71","11/09/2019","Wednesday","4","Pur.Pur","female","HA_T2","Treatment","22","a6932",NA,1489.38,3.31033,2.34653,0.0312898,18,128.24,29,94.64,12,227.12,8,8,16,36.16,450,0.881
"72","2/08/2019","Friday","5","Ora.Blu","female","HA_T4","Treatment","21","a6961",NA,1665.42,3.7016,2.003,0.0267091,9,47.84,28,109.12,19,293.04,5,5,7,0.72,450,0.548
"73","19/08/2019","Monday","4","Ora.Blu","female","HA_T4","Treatment","5","a6961",NA,760.715,1.69078,1.43242,0.0191006,1,1.28,5,22.88,5,425.84,1,0,26,38.16,450,0.548
"74","11/09/2019","Wednesday","6","Ora.Blu","female","HA_T4","Treatment","10","a6961",NA,745.196,1.65629,1.50336,0.0200466,0,0,2,3.36,3,446.64,0,0,44,19.04,450,0.548
"75","2/08/2019","Friday","1","Ora.Bro","male","HA_C2","Control","5","a6967",NA,1132.96,2.51814,1.97952,0.0263959,0,0,0,0,1,450,0,0,24,7.52,450,0.447
"76","19/08/2019","Monday","1","Ora.Bro","male","HA_C2","Control","17","a6967",NA,672.045,1.4937,1.53565,0.0204772,0,0,0,0,1,450,0,0,57,72.56,450,0.447
"77","11/09/2019","Wednesday","2","Ora.Bro","male","HA_C2","Control","14","a6967",NA,1374.29,3.05452,1.88417,0.0251245,2,12.32,6,26.72,5,410.96,0,1,9,1.44,450,0.447
"78","2/08/2019","Friday","5","Gre.Yel","female","HA_C4","Control","19","a6971",NA,1740.02,3.86739,2.2322,0.0297653,8,25.04,25,102.16,17,322.8,5,2,11,1.04,450,0.51
"79","19/08/2019","Monday","4","Gre.Yel","female","HA_C4","Control","23","a6971",NA,1617.37,3.59478,2.15705,0.0287632,5,18.8,18,66.48,14,364.72,4,3,5,1.12,450,0.51
"80","11/09/2019","Wednesday","6","Gre.Yel","female","HA_C4","Control","5","a6971",NA,581.164,1.29171,1.17874,0.0157179,0,0,0,0,1,450,0,0,42,66.64,450,0.51
"81","2/08/2019","Friday","2","Red.Pin","male","HA_C1","Control","26","a6985",NA,700.451,1.55684,1.84203,0.0245625,0,0,1,0.32,2,449.68,0,0,36,102.48,450,0.428
"82","19/08/2019","Monday","5","Red.Pin","male","HA_C1","Control","10","a6985",NA,664.392,1.47669,1.41176,0.0188251,0,0,0,0,1,450,0,0,41,60.24,450,0.428
"83","11/09/2019","Wednesday","4","Red.Pin","male","HA_C1","Control","19","a6985",NA,191.091,0.424722,1.11317,0.0148435,0,0,0,0,1,450,0,0,17,355.28,450,0.428
"84","2/08/2019","Friday","2","Red.Whi","male","HA_T1","Treatment","3","a6991",NA,1415.27,3.1456,1.82354,0.024316,4,29.76,9,39.84,6,380.4,3,1,6,0.48,450,0.527
"85","19/08/2019","Monday","2","Red.Whi","male","HA_T1","Treatment","13","a6991",NA,909.138,2.02067,1.36643,0.0182207,0,0,0,0,1,450,0,0,23,14.64,450,0.527
"86","11/09/2019","Wednesday","5","Red.Whi","male","HA_T1","Treatment","16","a6991",NA,1046.23,2.32537,1.93057,0.0257432,2,17.6,8,41.04,6,391.36,2,2,22,31.2,450,0.527
"87","2/08/2019","Friday","4","Yel.Pin","male","HA_T3","Treatment","14","a6996","RE-RUN AFTER WATER CHANGE",2296.74,5.10478,2.69749,0.0359698,20,104.48,39,106.32,20,239.2,8,7,2,0.16,450,0.552
"88","19/08/2019","Monday","5","Yel.Pin","male","HA_T3","Treatment","26","a6996",NA,2057.71,4.5735,3.31493,0.044203,6,36.16,20,33.04,15,380.8,3,3,6,1.44,450,0.552
"89","11/09/2019","Wednesday","1","Yel.Pin","male","HA_T3","Treatment","4","a6996",NA,2222.66,4.94012,3.15771,0.0421065,9,35.12,23,48.24,15,366.64,2,2,2,0.16,450,0.552
"90","2/08/2019","Friday","1","Blu.Whi","male","HA_T1","Treatment","4","a6998",NA,713.468,1.58577,1.60714,0.0214304,0,0,0,0,1,450,0,0,54,81.6,450,0.566
"91","19/08/2019","Monday","6","Blu.Whi","male","HA_T1","Treatment","13","a6998",NA,345.641,0.768228,1.37048,0.0182747,0,0,0,0,1,450,0,0,19,274,450,0.566
"92","11/09/2019","Wednesday","5","Blu.Whi","male","HA_T1","Treatment","14","a6998",NA,945.745,2.10203,1.89627,0.0252859,4,19.36,12,50.16,9,380.48,1,3,16,39.28,450,0.566
"93","2/08/2019","Friday","5","Blu.Yel","male","HA_C1","Control","26","a7002",NA,459.704,1.02175,1.29185,0.0172262,1,450,0,0,0,0,0,0,57,129.2,450,NA
"94","19/08/2019","Monday","6","Blu.Yel","male","HA_C1","Control","7","a7002",NA,1394.02,3.09838,1.93499,0.0258022,11,150.64,12,55.84,2,243.52,1,0,6,1.6,450,NA
"95","2/08/2019","Friday","3","Blu.Blu","male","HA_C2","Control","4","a7006",NA,2109.57,4.68876,2.60305,0.0347104,23,68.72,34,89.92,12,291.36,6,6,5,0.4,450,0.423
"96","19/08/2019","Monday","6","Blu.Blu","male","HA_C2","Control","14","a7006",NA,1030.98,2.29148,2.20882,0.0294535,0,0,0,0,1,450,0,0,36,93.84,450,0.423
"97","11/09/2019","Wednesday","6","Blu.Blu","male","HA_C2","Control","12","a7006",NA,513.812,1.14201,2.02056,0.0269431,0,0,0,0,1,450,0,0,43,276.16,450,0.423
"98","11/09/2019","Wednesday","4","Gre.Pin","female","HA_C1","Control","18","a7013",NA,71.4343,0.158771,0.659138,0.00878929,0,0,0,0,1,450,0,0,5,417.52,450,0.534
"99","2/08/2019","Friday","2","Gre._","male","HA_C3","Control","12","a7017",NA,915.774,2.03541,1.46335,0.0195131,0,0,0,0,1,450,0,0,36,20,450,0.443
"100","19/08/2019","Monday","6","Gre._","male","HA_C3","Control","3","a7017",NA,1095.68,2.43529,1.63357,0.0217829,0,0,0,0,1,450,0,0,31,9.28,450,0.443
"101","11/09/2019","Wednesday","4","Gre._","male","HA_C3","Control","24","a7017",NA,1070.42,2.37914,1.61275,0.0215053,0,0,0,0,1,450,0,0,22,21.28,450,0.443
"102","2/08/2019","Friday","1","Gre.Bro","male","HA_T4","Treatment","21","a7018",NA,1344.84,2.98907,1.89215,0.0252309,0,0,1,1.2,2,448.8,0,0,10,6.08,450,0.546
"103","19/08/2019","Monday","5","Gre.Bro","male","HA_T4","Treatment","6","a7018",NA,1455.23,3.23442,1.65761,0.0221034,0,0,1,3.52,2,446.48,0,0,1,0.08,450,0.546
"104","11/09/2019","Wednesday","6","Gre.Bro","male","HA_T4","Treatment","7","a7018",NA,1720.73,3.82452,2.04814,0.027311,5,23.52,12,50.56,8,375.92,3,4,7,0.56,450,0.546
"105","2/08/2019","Friday","4","Gre.Gre","female","HA_T3","Treatment","17","a7019",NA,251.625,0.559266,1.23575,0.0164781,0,0,0,0,1,450,0,0,16,335.44,450,0.7
"106","19/08/2019","Monday","5","Gre.Gre","female","HA_T3","Treatment","24","a7019",NA,1210.15,2.6897,2.09638,0.0279542,13,54.56,22,101.12,10,294.32,6,3,14,63.76,450,0.7
"107","11/09/2019","Wednesday","5","Gre.Gre","female","HA_T3","Treatment","1","a7019",NA,1805.81,4.01363,2.31204,0.0308299,24,167.92,39,118.4,16,163.68,5,11,8,7.36,450,0.7
"108","2/08/2019","Friday","3","_.Gre","female","HA_C4","Control","20","a7020",NA,877.578,1.95052,1.26029,0.0168053,0,0,0,0,1,450,0,0,15,35.04,450,0.528
"109","19/08/2019","Monday","3","_.Gre","female","HA_C4","Control","21","a7020",NA,171.393,0.380942,0.738563,0.00984838,0,0,0,0,1,450,0,0,29,313.6,450,0.528
"110","11/09/2019","Wednesday","1","_.Gre","female","HA_C4","Control","6","a7020",NA,770.746,1.71307,1.32377,0.0176518,0,0,0,0,1,450,0,0,19,81.12,450,0.528
"111","2/08/2019","Friday","3","Red.Pin","female","HA_C3","Control","11","a7044",NA,268.101,0.595885,1.19048,0.0158744,0,0,0,0,1,450,0,0,29,305.36,450,0.632
"112","19/08/2019","Monday","5","Red.Pin","female","HA_C3","Control","3","a7044",NA,303.256,0.674023,1.01914,0.0135898,0,0,0,0,1,450,0,0,26,245.6,450,0.632
"113","11/09/2019","Wednesday","3","Red.Pin","female","HA_C3","Control","25","a7044",NA,354.317,0.787512,1.20233,0.0160324,0,0,0,0,1,450,0,0,45,225.2,450,0.632
"114","2/08/2019","Friday","2","Red.Bro","male","HA_T3","Treatment","16","a7045",NA,602.733,1.33965,1.30711,0.0174297,0,0,2,4,3,446,0,0,50,39.44,450,0.512
"115","19/08/2019","Monday","2","Red.Bro","male","HA_T3","Treatment","25","a7045",NA,1288.34,2.86348,1.53238,0.0204335,3,11.04,9,53.2,7,385.76,3,1,7,0.64,450,0.512
"116","11/09/2019","Wednesday","6","Red.Bro","male","HA_T3","Treatment","2","a7045",NA,1043.85,2.32008,1.2663,0.0168855,0,0,0,0,1,450,0,0,11,1.04,450,0.512
"117","2/08/2019","Friday","4","Pin._","male","HA_T2","Treatment","10","a7054",NA,353.875,0.786529,0.984471,0.0131275,0,0,0,0,1,450,0,0,37,191.76,450,0.517
"118","19/08/2019","Monday","2","Pin._","male","HA_T2","Treatment","18","a7054",NA,1682.56,3.73969,2.10551,0.0280759,10,43.36,29,110.48,20,296.16,9,6,0,0,450,0.517
"119","11/09/2019","Wednesday","3","Pin._","male","HA_T2","Treatment","23","a7054",NA,126.251,0.280609,0.364418,0.00485933,0,0,0,0,1,450,0,0,54,251.12,450,0.517
"120","2/08/2019","Friday","4","Pur._","male","HA_C2","Control","7","a7056",NA,1645.86,3.65811,2.18513,0.0291377,10,109.44,20,79.36,11,261.2,7,8,8,4.32,450,0.393
"121","19/08/2019","Monday","3","Pur._","male","HA_C2","Control","17","a7056",NA,1521.19,3.38103,2.28309,0.0304439,5,48.32,18,137.52,13,264.16,5,5,7,32.8,450,0.393
"122","11/09/2019","Wednesday","1","Pur._","male","HA_C2","Control","14","a7056",NA,467.97,1.04012,0.979203,0.0130572,0,0,0,0,1,450,0,0,54,84.88,450,0.393
"123","2/08/2019","Friday","3","_.Ora","female","HA_C4","Control","18","a7059",NA,519.559,1.15478,1.07939,0.0143931,0,0,0,0,1,450,0,0,48,68.72,450,0.495
"124","19/08/2019","Monday","5","_.Ora","female","HA_C4","Control","23","a7059",NA,1405.99,3.12497,1.97687,0.0263607,11,50.08,22,53.68,12,346.24,1,1,16,3.76,450,0.495
"125","11/09/2019","Wednesday","5","_.Ora","female","HA_C4","Control","6","a7059",NA,1465.43,3.25709,2.46388,0.0328546,16,52.96,32,91.76,16,305.28,4,3,33,32.16,450,0.495
"126","2/08/2019","Friday","3","Ora.Gre","female","HA_T4","Treatment","22","a7061",NA,2263.02,5.02983,2.70291,0.0360421,25,153.68,38,141.04,14,155.28,10,9,7,0.64,450,0.753
"127","19/08/2019","Monday","3","Ora.Gre","female","HA_T4","Treatment","6","a7061",NA,2075.36,4.61274,2.62705,0.0350305,12,122,28,92.8,17,235.2,3,2,4,2.4,450,0.753
"128","11/09/2019","Wednesday","6","Ora.Gre","female","HA_T4","Treatment","9","a7061",NA,1047.28,2.3277,2.19906,0.0293233,4,30.56,8,21.92,4,397.52,3,2,16,5.76,450,0.753
"129","2/08/2019","Friday","4","Ora.Pur","male","HA_T1","Treatment","3","a7062",NA,174.101,0.386961,0.777706,0.0103703,0,0,0,0,1,450,0,0,17,328.8,450,0.542
"130","19/08/2019","Monday","2","Ora.Pur","male","HA_T1","Treatment","11","a7062",NA,247.119,0.549251,1.07174,0.0142911,0,0,0,0,1,450,0,0,18,317.76,450,0.542
"131","11/09/2019","Wednesday","1","Ora.Pur","male","HA_T1","Treatment","15","a7062",NA,77.9175,0.173181,0.514481,0.00686036,0,0,0,0,1,450,0,0,8,397.04,450,0.542
"132","2/08/2019","Friday","4","Bro.Bla","female","HA_C1","Control","25","a7082",NA,167.862,0.373092,1.08315,0.0144433,0,0,0,0,1,450,0,0,22,368.88,450,0.784
"133","19/08/2019","Monday","3","Bro.Bla","female","HA_C1","Control","9","a7082",NA,110.907,0.246503,0.682756,0.00910422,0,0,0,0,1,450,0,0,32,361.52,450,0.784
"134","11/09/2019","Wednesday","6","Bro.Bla","female","HA_C1","Control","18","a7082",NA,111.235,0.247233,0.893423,0.0119134,0,0,0,0,1,450,0,0,28,392.72,450,0.784
"135","2/08/2019","Friday","1","Bro.Yel","female","HA_T1","Treatment","1","a7087",NA,272.074,0.604716,1.68016,0.0224041,1,1.84,3,3.52,3,444.64,1,1,28,309.6,450,0.618
"136","19/08/2019","Monday","5","Bro.Yel","female","HA_T1","Treatment","13","a7087",NA,1793.67,3.98665,2.16405,0.0288566,13,97.6,27,127.92,14,224.48,7,4,4,0.32,450,0.618
"137","11/09/2019","Wednesday","4","Bro.Yel","female","HA_T1","Treatment","14","a7087",NA,1138.17,2.52971,1.32189,0.0176268,6,44.88,11,77.84,6,327.28,4,3,10,2.4,450,0.618
"138","2/08/2019","Friday","3","Red.Ora","female","HA_T2","Treatment","8","a7089",NA,1591.54,3.53738,2.06697,0.0275621,11,54.56,20,115.6,9,279.84,7,4,11,4.4,450,0.807
"139","19/08/2019","Monday","1","Red.Ora","female","HA_T2","Treatment","18","a7089",NA,943.211,2.0964,1.87768,0.025038,3,18.88,8,35.6,6,395.52,2,2,11,2.8,450,0.807
"140","11/09/2019","Wednesday","6","Red.Ora","female","HA_T2","Treatment","22","a7089",NA,1015.59,2.25727,1.60377,0.0213855,0,0,1,2,2,448,0,0,14,11.92,450,0.807
"141","2/08/2019","Friday","2","Red.Bla","female","HA_T3","Treatment","15","a7091",NA,395.655,0.87939,1.57024,0.0209384,0,0,1,0.4,2,449.6,0,0,42,258.64,450,0.696
"142","19/08/2019","Monday","4","Red.Bla","female","HA_T3","Treatment","26","a7091",NA,2298.26,5.10814,4.11555,0.0548788,28,72.88,52,146.48,25,230.64,12,9,11,27.2,450,0.696
"143","11/09/2019","Wednesday","1","Red.Bla","female","HA_T3","Treatment","3","a7091",NA,2110.42,4.6915,3.117,0.0415674,21,73.04,42,112.16,21,264.72,10,10,6,2.4,449.92,0.696
"144","2/08/2019","Friday","2","Red.Pur","female","HA_C3","Control","14","a7093","RE-RUN AFTER WATER CHANGE",1618.18,3.59659,1.99224,0.0265656,0,0,1,0.64,2,449.36,0,0,5,4.72,450,0.628
"145","19/08/2019","Monday","1","Red.Pur","female","HA_C3","Control","1","a7093",NA,481.676,1.07058,1.48016,0.0197372,0,0,0,0,1,450,0,0,52,187.76,450,0.628
"146","11/09/2019","Wednesday","4","Red.Pur","female","HA_C3","Control","25","a7093",NA,994.961,2.21338,1.92952,0.0257407,0,0,0,0,1,449.6,0,0,16,98.08,449.6,0.628
"147","2/08/2019","Friday","3","Red.Pin","male","HA_C2","Control","5","a7096",NA,2359.5,5.24428,3.29127,0.0438875,17,42.32,49,114.24,33,293.44,5,2,4,0.4,450,0.41
"148","19/08/2019","Monday","1","Red.Pin","male","HA_C2","Control","15","a7096",NA,676.011,1.50251,1.9844,0.026461,0,0,0,0,1,450,0,0,52,175.6,450,0.41
"149","11/09/2019","Wednesday","1","Red.Pin","male","HA_C2","Control","13","a7096",NA,730.775,1.62423,2.20678,0.0294264,0,0,0,0,1,450,0,0,38,202.72,450,0.41
"150","2/08/2019","Friday","1","Bla.Pin","male","HA_T4","Treatment","23","a7138",NA,1037.45,2.30585,1.81453,0.0241959,0,0,0,0,1,450,0,0,22,28.72,450,0.533
"151","19/08/2019","Monday","3","Bla.Pin","male","HA_T4","Treatment","5","a7138",NA,1792.5,3.98403,2.35792,0.0314418,8,39.44,18,67.36,11,343.2,5,3,2,0.24,450,0.533
"152","11/09/2019","Wednesday","3","Bla.Pin","male","HA_T4","Treatment","8","a7138",NA,1998.95,4.4429,3.11466,0.0415325,13,38.4,33,82.96,20,328.64,7,5,7,11.36,450,0.533
"153","2/08/2019","Friday","1","Bla.Whi","male","HA_T3","Treatment","15","a7139",NA,697.193,1.54959,2.1179,0.0282411,0,0,0,0,1,450,0,0,20,193.92,450,0.457
"154","19/08/2019","Monday","3","Bla.Whi","male","HA_T3","Treatment","25","a7139",NA,1156.21,2.56982,2.0018,0.026693,0,0,0,0,1,450,0,0,21,56.24,450,0.457
"155","11/09/2019","Wednesday","4","Bla.Whi","male","HA_T3","Treatment","3","a7139",NA,922.637,2.05067,1.95819,0.0261115,0,0,0,0,1,450,0,0,38,70.8,450,0.457
"156","2/08/2019","Friday","5","Bla.Bro","male","HA_T2","Treatment","9","a7142",NA,2022.67,4.49562,3.08201,0.0410971,6,49.84,15,30.48,10,369.68,2,0,7,23.2,450,0.519
"157","19/08/2019","Monday","3","Bla.Bro","male","HA_T2","Treatment","18","a7142",NA,1568.07,3.48522,2.11177,0.0281594,0,0,0,0,1,450,0,0,6,1.84,450,0.519
"158","11/09/2019","Wednesday","2","Bla.Bro","male","HA_T2","Treatment","24","a7142",NA,2338.01,5.19651,3.86989,0.0516031,19,85.76,39,80.64,21,283.6,9,11,8,0.88,450,0.519
"159","2/08/2019","Friday","2","Bla.Red","male","HA_C3","Control","13","a7144",NA,207.678,0.461589,1.19917,0.0159904,0,0,0,0,1,450,0,0,13,355.28,450,0.416
"160","19/08/2019","Monday","6","Bla.Red","male","HA_C3","Control","2","a7144",NA,1166.63,2.59297,1.96817,0.0262446,0,0,0,0,1,450,0,0,18,26.16,450,0.416
"161","11/09/2019","Wednesday","5","Bla.Red","male","HA_C3","Control","24","a7144",NA,1406.32,3.12571,1.97039,0.0262742,1,7.84,13,40.64,13,401.52,1,1,4,1.12,450,0.416
"162","2/08/2019","Friday","6","Ora.Bro","male","HA_C1","Control","25","a7152",NA,889.653,1.97736,1.83642,0.0244878,0,0,1,0.24,2,449.76,0,0,32,60.08,450,0.48
"163","19/08/2019","Monday","4","Ora.Bro","male","HA_C1","Control","10","a7152",NA,1555.29,3.45682,2.25232,0.0300336,11,33.04,21,90.4,11,326.56,7,4,6,0.72,450,0.48
"164","11/09/2019","Wednesday","3","Ora.Bro","male","HA_C1","Control","20","a7152",NA,423.905,0.942179,1.43439,0.0191269,0,0,0,0,1,450,0,0,38,224,450,0.48
"165","2/08/2019","Friday","1","Ora.Yel","male","HA_C2","Control","7","a7153",NA,255.61,0.568124,0.91585,0.0122124,0,0,0,0,1,450,0,0,43,235.84,450,0.413
"166","19/08/2019","Monday","5","Ora.Yel","male","HA_C2","Control","14","a7153",NA,333.909,0.742153,0.976282,0.0130183,0,0,0,0,1,450,0,0,29,213.28,450,0.413
"167","11/09/2019","Wednesday","5","Ora.Yel","male","HA_C2","Control","11","a7153",NA,828.711,1.84191,1.27759,0.0170361,0,0,0,0,1,450,0,0,32,20.8,450,0.413
"168","2/08/2019","Friday","6","Ora._","male","HA_T1","Treatment","1","a7155",NA,487.752,1.08409,1.25503,0.0167353,0,0,0,0,1,450,0,0,26,153.04,450,0.499
"169","19/08/2019","Monday","5","Ora._","male","HA_T1","Treatment","11","a7155",NA,614.996,1.3669,1.52528,0.0203389,0,0,0,0,1,450,0,0,42,139.68,450,0.499
"170","11/09/2019","Wednesday","6","Ora._","male","HA_T1","Treatment","14","a7155",NA,416.187,0.925025,1.29374,0.0172515,0,0,0,0,1,450,0,0,37,201.36,450,0.499
"171","2/08/2019","Friday","5","Pur.Gre","female","HA_T3","Treatment","16","a7160",NA,1302.12,2.89412,2.15537,0.0287408,1,7.92,10,32.32,10,409.76,1,0,19,4.08,450,0.678
"172","19/08/2019","Monday","2","Pur.Gre","female","HA_T3","Treatment","26","a7160",NA,533.882,1.18662,1.56532,0.0208728,0,0,0,0,1,450,0,0,59,155.28,450,0.678
"173","11/09/2019","Wednesday","3","Pur.Gre","female","HA_T3","Treatment","1","a7160",NA,1262.67,2.80643,2.32178,0.0309598,6,22.32,16,60.48,11,367.2,4,4,29,31.12,450,0.678
"174","2/08/2019","Friday","1","Pur.Blu","male","HA_C2","Control","6","a7163",NA,988.383,2.1968,1.83919,0.0245248,0,0,0,0,1,450,0,0,16,73.44,450,0.435
"175","19/08/2019","Monday","6","Pur.Blu","male","HA_C2","Control","16","a7163",NA,1841.8,4.09361,2.50163,0.033358,3,10.08,14,38.4,12,401.52,3,2,7,0.64,450,0.435
"176","11/09/2019","Wednesday","4","Pur.Blu","male","HA_C2","Control","11","a7163",NA,2214.36,4.92166,2.46596,0.0328823,9,49.28,25,80.08,17,320.64,3,4,6,0.48,450,0.435
"177","2/08/2019","Friday","1","Pur._","male","HA_T2","Treatment","10","a7167",NA,1340.92,2.98035,1.86981,0.024933,0,0,0,0,1,450,0,0,6,0.64,450,0.439
"178","19/08/2019","Monday","5","Pur._","male","HA_T2","Treatment","18","a7167",NA,2038.64,4.53111,2.53024,0.0337396,14,69.52,31,92.56,18,287.92,6,5,4,0.4,450,0.439
"179","11/09/2019","Wednesday","5","Pur._","male","HA_T2","Treatment","21","a7167",NA,1787.29,3.97246,2.59647,0.0346226,5,16.96,19,65.2,15,367.84,4,2,6,0.72,450,0.439
"180","2/08/2019","Friday","3","Whi.Blu","male","HA_C1","Control","25","a7179",NA,2073.65,4.60892,2.88262,0.0384384,15,64.08,32,93.04,18,292.88,11,9,5,0.48,450,0.457
"181","19/08/2019","Monday","3","Whi.Blu","male","HA_C1","Control","10","a7179",NA,1769.24,3.93234,2.1158,0.0282131,8,44.56,21,83.36,13,322.08,8,4,9,1.36,450,0.457
"182","11/09/2019","Wednesday","2","Whi.Blu","male","HA_C1","Control","19","a7179",NA,1118.5,2.48599,1.60336,0.02138,2,2.48,7,23.12,6,424.4,1,0,19,3.52,450,0.457
"183","2/08/2019","Friday","5","Whi.Pur","male","HA_T4","Treatment","22","a7180",NA,1994.88,4.43385,2.98729,0.0398341,8,35.68,27,88.16,19,326.16,1,2,12,6.72,450,0.464
"184","19/08/2019","Monday","4","Whi.Pur","male","HA_T4","Treatment","7","a7180",NA,993.538,2.20826,1.88024,0.0250721,1,3.44,1,3.76,1,442.8,1,0,27,46.64,450,0.464
"185","11/09/2019","Wednesday","3","Whi.Pur","male","HA_T4","Treatment","9","a7180",NA,502.521,1.11691,1.27958,0.0170626,0,0,0,0,1,450,0,0,66,52.08,450,0.464
"186","2/08/2019","Friday","1","Whi.Ora","male","HA_C4","Control","20","a7184",NA,1655.41,3.67934,2.69305,0.0359105,3,16.48,12,46.56,10,386.96,1,1,23,14.24,450,0.375
"187","19/08/2019","Monday","2","Whi.Ora","male","HA_C4","Control","24","a7184",NA,1661.78,3.6935,3.03139,0.0404221,10,33.6,23,57.6,14,358.8,9,5,11,83.36,450,0.375
"188","11/09/2019","Wednesday","3","Whi.Ora","male","HA_C4","Control","7","a7184",NA,1171.62,2.60407,2.09931,0.0279933,4,28.96,8,19.76,5,401.28,3,2,23,11.28,450,0.375
"189","2/08/2019","Friday","5","Pin.Bro","male","HA_T1","Treatment","3","a7191",NA,1404.13,3.12085,1.60848,0.0214484,1,2.32,7,33.2,7,414.48,1,0,5,0.48,450,0.49
"190","19/08/2019","Monday","1","Pin.Bro","male","HA_T1","Treatment","11","a7191",NA,2164.13,4.81004,2.65865,0.0354519,11,55.92,27,84.4,17,309.68,9,8,1,0.08,450,0.49
"191","11/09/2019","Wednesday","2","Pin.Bro","male","HA_T1","Treatment","16","a7191",NA,783.783,1.74205,1.41921,0.0189245,0,0,2,10.16,3,439.84,0,0,28,19.6,450,0.49
"192","2/08/2019","Friday","4","Blu.Bla","female","HA_C4","Control","18","a7201",NA,197.505,0.438978,0.452788,0.00603771,0,0,0,0,1,450,0,0,84,152.16,450,0.643
"193","19/08/2019","Monday","2","Blu.Bla","female","HA_C4","Control","21","a7201",NA,1169.72,2.59985,1.58307,0.0211095,0,0,7,31.44,8,418.56,0,0,14,1.36,450,0.643
"194","11/09/2019","Wednesday","6","Blu.Bla","female","HA_C4","Control","6","a7201",NA,740.347,1.64551,1.22709,0.0163627,0,0,0,0,1,450,0,0,33,23.84,450,0.643
"195","2/08/2019","Friday","2","Blu.Ora","female","HA_C2","Control","6","a7204",NA,725.372,1.61222,1.34391,0.0179204,0,0,1,0.72,2,449.28,0,0,24,38.96,450,0.769
"196","19/08/2019","Monday","6","Blu.Ora","female","HA_C2","Control","15","a7204",NA,83.2105,0.184945,0.562987,0.00750716,0,0,0,0,1,450,0,0,19,385.2,450,0.769
"197","11/09/2019","Wednesday","3","Blu.Ora","female","HA_C2","Control","12","a7204",NA,611.407,1.35892,0.984465,0.0131274,0,0,0,0,1,450,0,0,21,38.72,450,0.769
"198","2/08/2019","Friday","6","Yel.Whi","female","HA_T3","Treatment","16","a7210",NA,595.071,1.32262,1.59274,0.0212384,0,0,0,0,1,450,0,0,33,166.24,450,0.723
"199","19/08/2019","Monday","4","Yel.Whi","female","HA_T3","Treatment","25","a7210",NA,554.404,1.23223,1.61069,0.0214777,0,0,1,0.4,2,449.6,0,0,19,211.6,450,0.723
"200","11/09/2019","Wednesday","4","Yel.Whi","female","HA_T3","Treatment","1","a7210",NA,1580.6,3.51307,2.34527,0.031273,7,41.68,21,87.04,14,321.28,7,5,14,5.12,450,0.723
"201","2/08/2019","Friday","4","Yel.Blu","female","HA_T4","Treatment","21","a7214",NA,418.581,0.930346,0.871633,0.0116228,0,0,0,0,1,450,0,0,45,92.4,450,0.701
"202","19/08/2019","Monday","1","Yel.Blu","female","HA_T4","Treatment","6","a7214",NA,139.865,0.310867,0.754313,0.0100584,0,0,0,0,1,450,0,0,23,354.56,450,0.701
"203","11/09/2019","Wednesday","2","Yel.Blu","female","HA_T4","Treatment","9","a7214",NA,168.008,0.373418,0.71569,0.00954338,0,0,0,0,1,450,0,0,55,278.4,450,0.701
"204","2/08/2019","Friday","3","Red.Pur","female","HA_T2","Treatment","10","a7222",NA,486.726,1.08181,1.48376,0.0197852,0,0,2,18.56,2,431.44,0,0,30,170.4,450,0.808
"205","19/08/2019","Monday","4","Red.Pur","female","HA_T2","Treatment","18","a7222",NA,1572.22,3.49444,2.09017,0.0278714,12,68.64,34,144.72,22,236.64,4,4,5,6.72,450,0.808
"206","11/09/2019","Wednesday","4","Red.Pur","female","HA_T2","Treatment","21","a7222",NA,1402.78,3.11785,2.20597,0.0294156,10,119.84,26,127.36,16,202.8,3,4,13,63.6,450,0.808
"207","2/08/2019","Friday","4","Whi.Pin","female","HA_C3","Control","13","a7232",NA,7.85022,0.017448,0.0106184,0.000141591,0,0,0,0,1,450,0,0,1,449.92,450,0.637
"208","19/08/2019","Monday","4","Whi.Pin","female","HA_C3","Control","1","a7232",NA,19.1745,0.0426175,0.221229,0.00294999,0,0,0,0,1,450,0,0,3,438.8,450,0.637
"209","11/09/2019","Wednesday","6","Whi.Pin","female","HA_C3","Control","26","a7232",NA,11.8024,0.0262321,0.0177195,0.000236281,0,0,0,0,1,450,0,0,1,449.92,450,0.637
"210","2/08/2019","Friday","6","Bro.Blu","male","HA_T2","Treatment","9","a7251",NA,654.996,1.4558,1.23571,0.0164776,0,0,0,0,1,450,0,0,46,39.28,450,0.466
"211","19/08/2019","Monday","1","Bro.Blu","male","HA_T2","Treatment","20","a7251",NA,489.884,1.08883,1.31417,0.0175238,0,0,0,0,1,450,0,0,62,99.2,450,0.466
"212","11/09/2019","Wednesday","6","Bro.Blu","male","HA_T2","Treatment","23","a7251",NA,699.767,1.55531,1.49036,0.0198732,0,0,0,0,1,450,0,0,54,68.48,450,0.466
"213","2/08/2019","Friday","2","Whi.Pur","female","HA_C4","Control","19","a7259",NA,2108.79,4.68704,3.14956,0.0419978,23,82.72,47,106.16,25,261.12,9,3,4,0.4,450,0.425
"214","19/08/2019","Monday","5","Whi.Pur","female","HA_C4","Control","21","a7259",NA,1195.45,2.65703,1.35347,0.0180478,0,0,0,0,1,450,0,0,6,0.56,450,0.425
"215","11/09/2019","Wednesday","4","Whi.Pur","female","HA_C4","Control","4","a7259",NA,1275.8,2.83561,1.56195,0.0208279,4,26.16,13,53.52,10,370.32,2,1,6,0.88,450,0.425
"216","2/08/2019","Friday","2","Whi.Ora","male","HA_C3","Control","11","a7264",NA,1114.81,2.4778,1.35134,0.0180194,0,0,0,0,1,450,0,0,7,0.96,450,0.423
"217","19/08/2019","Monday","3","Whi.Ora","male","HA_C3","Control","2","a7264",NA,2110.01,4.68975,2.32613,0.0310178,20,91.44,43,185.68,23,172.88,12,9,4,0.4,450,0.423
"218","11/09/2019","Wednesday","3","Whi.Ora","male","HA_C3","Control","24","a7264",NA,1878.28,4.1747,1.89464,0.0252642,15,151.76,26,144,11,154.24,6,5,2,0.16,450,0.423
"219","2/08/2019","Friday","5","_.Whi","male","HA_T1","Treatment","1","a7269",NA,962.246,2.13871,1.25294,0.0167074,0,0,0,0,1,450,0,0,15,2.64,450,0.406
"220","19/08/2019","Monday","6","_.Whi","male","HA_T1","Treatment","11","a7269",NA,662.422,1.47231,1.8322,0.0244315,1,1.12,3,16.16,3,432.72,1,0,9,199.28,450,0.406
"221","11/09/2019","Wednesday","6","_.Whi","male","HA_T1","Treatment","15","a7269",NA,1711.87,3.80484,2.25031,0.0300068,8,311.68,11,53.76,3,84.56,3,3,6,0.96,450,0.406
"222","2/08/2019","Friday","3","Pur.Yel","male","HA_C1","Control","26","a7272",NA,1593.18,3.54103,2.62805,0.0350437,10,34.88,27,60.24,18,354.88,7,5,10,1.36,450,0.385
"223","19/08/2019","Monday","1","Pur.Yel","male","HA_C1","Control","9","a7272","Camera moved, new arena settings from this trial onwards",1225.41,2.72362,1.56739,0.0209004,0,0,0,0,1,450,0,0,18,2.32,450,0.385
"224","11/09/2019","Wednesday","5","Pur.Yel","male","HA_C1","Control","18","a7272",NA,1237.07,2.74953,1.72401,0.0229889,0,0,0,0,1,450,0,0,17,1.6,450,0.385
"225","2/08/2019","Friday","6","_.Pin","female","HA_C3","Control","13","a7279",NA,134.589,0.299139,0.687107,0.00916224,0,0,0,0,1,450,0,0,20,344.32,450,0.745
"226","19/08/2019","Monday","3","_.Pin","female","HA_C3","Control","3","a7279",NA,618.836,1.37544,1.317,0.0175616,0,0,0,0,1,450,0,0,31,119.92,450,0.745
"227","11/09/2019","Wednesday","5","_.Pin","female","HA_C3","Control","25","a7279",NA,279.122,0.621265,1.22284,0.0163176,0,0,0,0,1,449.36,0,0,24,301.76,449.36,0.745
"228","2/08/2019","Friday","4","Pin.Whi","female","HA_C1","Control","27","a7281",NA,162.447,0.361058,0.98387,0.0131194,0,0,0,0,1,450,0,0,9,378.24,450,0.855
"229","19/08/2019","Monday","6","Pin.Whi","female","HA_C1","Control","9","a7281",NA,705.73,1.56857,1.36371,0.0181845,0,0,0,0,1,450,0,0,41,36.88,450,0.855
"230","11/09/2019","Wednesday","1","Pin.Whi","female","HA_C1","Control","18","a7281",NA,160.443,0.35673,0.897418,0.0119688,0,0,0,0,1,449.84,0,0,17,360.4,449.84,0.855
"231","2/08/2019","Friday","6","Pin.Bro","female","HA_C2","Control","6","a7284",NA,272.257,0.605124,0.99028,0.0132049,0,0,0,0,1,450,0,0,24,280.88,450,0.692
"232","19/08/2019","Monday","4","Pin.Bro","female","HA_C2","Control","15","a7284",NA,375.682,0.834998,1.46734,0.0195662,0,0,0,0,1,450,0,0,6,310.24,450,0.692
"233","11/09/2019","Wednesday","1","Pin.Bro","female","HA_C2","Control","11","a7284",NA,92.6352,0.205893,0.692669,0.0092364,0,0,0,0,1,450,0,0,6,404.4,450,0.692
"234","2/08/2019","Friday","3","Pin.Blu","female","HA_T2","Treatment","9","a7288",NA,1873.74,4.16462,2.58457,0.034464,12,292.96,20,52.48,9,104.56,3,6,7,0.56,450,0.867
"235","19/08/2019","Monday","4","Pin.Blu","female","HA_T2","Treatment","20","a7288",NA,1976.42,4.39284,3.37095,0.04495,23,162.64,37,64.72,15,222.64,14,11,4,0.56,450,0.867
"236","11/09/2019","Wednesday","1","Pin.Blu","female","HA_T2","Treatment","21","a7288",NA,1639.5,3.64398,3.22172,0.0429601,12,183.28,19,32.24,8,234.48,7,6,19,2.72,450,0.867
"237","2/08/2019","Friday","1","Gre.Gre","female","HA_T1","Treatment","3","a7292",NA,9.84538,0.0218825,0.0154441,0.000205939,0,0,0,0,1,450,0,0,1,449.92,450,0.85
"238","19/08/2019","Monday","3","Gre.Gre","female","HA_T1","Treatment","11","a7292",NA,751.038,1.66927,1.71204,0.0228292,0,0,0,0,1,450,0,0,4,178.8,450,0.85
"239","11/09/2019","Wednesday","3","Gre.Gre","female","HA_T1","Treatment","16","a7292",NA,726.053,1.61661,1.46509,0.0195537,0,0,0,0,1,449.2,0,0,8,133.68,449.2,0.85
"240","2/08/2019","Friday","2","Gre.Bro","female","HA_T3","Treatment","17","a7296",NA,7.01265,0.0155864,0.0104158,0.00013889,0,0,0,0,1,450,0,0,1,449.92,450,0.592
"241","19/08/2019","Monday","1","Gre.Bro","female","HA_T3","Treatment","27","a7296",NA,13.2591,0.0294699,0.0270212,0.000360315,0,0,0,0,1,450,0,0,4,447.76,450,0.592
"242","11/09/2019","Wednesday","5","Gre.Bro","female","HA_T3","Treatment","2","a7296",NA,29.4907,0.0655465,0.418224,0.00557681,0,0,0,0,1,450,0,0,2,442.64,450,0.592
"243","2/08/2019","Friday","6","Gre.Pur","male","HA_T4","Treatment","21","a7297",NA,68.6886,0.152668,0.469834,0.00626501,0,0,0,0,1,450,0,0,16,401.92,450,0.509
"244","19/08/2019","Monday","1","Gre.Pur","male","HA_T4","Treatment","5","a7297",NA,817.018,1.81592,1.62456,0.0216628,0,0,6,8.96,7,441.04,0,0,34,49.28,450,0.509
"245","11/09/2019","Wednesday","5","Gre.Pur","male","HA_T4","Treatment","8","a7297",NA,14.2722,0.0317217,0.0834081,0.00111221,0,0,0,0,1,450,0,0,3,444.56,450,0.509
"246","2/08/2019","Friday","3","_.Red","female","HA_T1","Treatment","1","a7319",NA,1910.41,4.24611,2.49791,0.0333084,11,44.32,28,118.48,18,287.2,5,6,5,0.64,450,0.712
"247","19/08/2019","Monday","4","_.Red","female","HA_T1","Treatment","13","a7319",NA,1900.22,4.22347,2.5695,0.0342631,12,60.8,26,76.24,14,312.96,8,8,4,0.4,450,0.712
"248","11/09/2019","Wednesday","2","_.Red","female","HA_T1","Treatment","15","a7319",NA,2005.66,4.45782,2.49679,0.0332935,18,60.88,32,102.64,15,286.48,8,9,6,0.48,450,0.712
"249","2/08/2019","Friday","4","Red.Yel","male","HA_T4","Treatment","22","a7321",NA,2324.99,5.16756,3.68698,0.0491641,18,38.96,49,138.32,30,272.72,11,9,4,0.48,450,0.448
"250","19/08/2019","Monday","2","Red.Yel","male","HA_T4","Treatment","6","a7321",NA,1776.57,3.94864,2.8257,0.0376794,9,22.96,23,64,15,363.04,5,5,12,1.84,450,0.448
"251","11/09/2019","Wednesday","4","Red.Yel","male","HA_T4","Treatment","10","a7321",NA,1777.33,3.95032,3.18352,0.0424507,8,38,18,41.04,11,370.96,7,6,6,0.8,450,0.448
"252","2/08/2019","Friday","3","Red.Whi","female","HA_C3","Control","13","a7322",NA,129.81,0.288517,0.562085,0.00749513,0,0,0,0,1,450,0,0,55,297.84,450,0.652
"253","19/08/2019","Monday","2","Red.Whi","female","HA_C3","Control","1","a7322",NA,1421.49,3.15943,2.34499,0.0312693,8,28.32,20,56.08,12,365.6,7,4,17,8.8,450,0.652
"254","11/09/2019","Wednesday","4","Red.Whi","female","HA_C3","Control","27","a7322",NA,170.816,0.379658,0.720837,0.00961202,0,0,0,0,1,450,0,0,51,296.88,450,0.652
"255","2/08/2019","Friday","4","Red.Pur","male","HA_T3","Treatment","16","a7325",NA,1600.51,3.55733,2.26785,0.0302407,5,15.6,18,59.6,14,374.8,4,3,12,14.4,450,0.446
"256","19/08/2019","Monday","2","Red.Pur","male","HA_T3","Treatment","27","a7325",NA,872.629,1.93952,1.80458,0.0240632,1,4.08,6,14.56,6,431.36,0,1,19,55.12,450,0.446
"257","11/09/2019","Wednesday","4","Red.Pur","male","HA_T3","Treatment","2","a7325",NA,671.943,1.49347,2.04509,0.0272703,3,11.2,6,22.08,4,416.72,3,1,28,189.2,450,0.446
"258","2/08/2019","Friday","2","Bro.Whi","female","HA_T4","Treatment","21","a7358",NA,1993.46,4.43069,2.63524,0.0351397,18,93.52,39,144.48,21,212,11,11,2,0.24,450,0.582
"259","19/08/2019","Monday","6","Bro.Whi","female","HA_T4","Treatment","4","a7358",NA,1560.9,3.46927,2.14488,0.0286009,10,86.24,19,104,9,259.76,6,5,8,0.72,450,0.582
"260","11/09/2019","Wednesday","1","Bro.Whi","female","HA_T4","Treatment","10","a7358",NA,986.941,2.19359,2.62989,0.0350683,4,129.76,6,14,3,306.24,3,2,44,49.28,450,0.582
"261","2/08/2019","Friday","6","Bro.Ora","male","HA_C3","Control","11","a7361",NA,1419.38,3.15475,3.06195,0.0408297,8,33.68,21,40.32,14,376,5,5,24,7.92,450,0.417
"262","19/08/2019","Monday","2","Bro.Ora","male","HA_C3","Control","2","a7361",NA,2078.81,4.6204,2.96691,0.0395623,15,75.52,38,101.2,24,273.28,10,9,6,0.8,450,0.417
"263","11/09/2019","Wednesday","3","Bro.Ora","male","HA_C3","Control","26","a7361",NA,2264.62,5.03338,3.38658,0.0451584,24,117.04,50,87.92,27,245.04,15,14,11,1.04,450,0.417
"264","2/08/2019","Friday","2","Bro._","female","HA_C4","Control","20","a7367",NA,1411.19,3.13653,1.93031,0.0257397,0,0,6,17.2,7,432.8,0,0,7,0.72,450,0.577
"265","19/08/2019","Monday","2","Bro._","female","HA_C4","Control","22","a7367",NA,1877.95,4.17396,2.18417,0.0291248,10,48.08,21,83.2,12,318.72,5,4,2,0.16,450,0.577
"266","11/09/2019","Wednesday","5","Bro._","female","HA_C4","Control","4","a7367",NA,915.099,2.03392,1.73014,0.0230706,0,0,1,0.64,2,449.36,0,0,18,81.76,450,0.577
"267","2/08/2019","Friday","3","Whi.Yel","male","HA_C2","Control","7","a7370",NA,1064.76,2.36655,1.84995,0.0246682,2,4.08,11,43.92,10,402,2,0,22,13.6,450,0.439
"268","19/08/2019","Monday","2","Whi.Yel","male","HA_C2","Control","15","a7370",NA,1593.81,3.54243,2.89495,0.0386028,14,57.36,26,68.48,13,324.16,5,5,15,1.92,450,0.439
"269","11/09/2019","Wednesday","4","Whi.Yel","male","HA_C2","Control","13","a7370",NA,1487.89,3.30701,2.60375,0.0347198,10,44.24,18,39.6,9,366.16,7,5,15,1.92,450,0.439
"270","2/08/2019","Friday","2","Whi.Pin","male","HA_T2","Treatment","8","a7375",NA,1111.96,2.47146,3.48516,0.0464729,0,0,17,13.6,18,436.4,0,0,40,101.2,450,0.458
"271","19/08/2019","Monday","5","Whi.Pin","male","HA_T2","Treatment","17","a7375",NA,478.335,1.06316,2.55991,0.0341352,7,50.48,9,17.12,3,382.4,1,1,22,293.44,450,0.458
"272","11/09/2019","Wednesday","1","Whi.Pin","male","HA_T2","Treatment","23","a7375",NA,1189.94,2.64478,3.48123,0.0464205,8,32.4,14,31.2,6,386.4,2,2,33,112.48,450,0.458
"273","2/08/2019","Friday","6","Whi.Pur","female","HA_C1","Control","24","a7376",NA,1534.27,3.41009,2.25683,0.0300938,0,0,0,0,1,450,0,0,14,1.52,450,0.548
"274","19/08/2019","Monday","2","Whi.Pur","female","HA_C1","Control","9","a7376",NA,1833.35,4.07484,2.75431,0.0367275,8,35.6,16,35.84,9,378.56,7,6,3,0.24,450,0.548
"275","11/09/2019","Wednesday","6","Whi.Pur","female","HA_C1","Control","20","a7376",NA,2105.28,4.67924,3.62739,0.0483695,17,51.44,35,74.88,19,323.68,9,8,12,1.12,450,0.548
"276","2/08/2019","Friday","3","Ora.Ora","female","HA_T1","Treatment","2","a7379",NA,1431.48,3.18163,3.45964,0.0461327,4,13.36,22,33.04,18,403.6,2,4,34,43.2,450,0.633
"277","19/08/2019","Monday","4","Ora.Ora","female","HA_T1","Treatment","12","a7379",NA,1889.13,4.19881,3.29482,0.0439348,18,70.64,38,84.32,21,295.04,10,10,12,1.6,450,0.633
"278","11/09/2019","Wednesday","3","Ora.Ora","female","HA_T1","Treatment","14","a7379",NA,297.711,0.661698,1.34498,0.0179346,0,0,1,0.32,2,449.68,0,0,67,232.8,450,0.633
"279","2/08/2019","Friday","4","Ora.Bla","male","HA_C1","Control","24","a7403",NA,1118.3,2.48555,1.57125,0.0209519,0,0,0,0,1,450,0,0,17,2.96,450,0.421
"280","19/08/2019","Monday","1","Ora.Bla","male","HA_C1","Control","10","a7403",NA,268.244,0.596204,1.26069,0.0168107,0,0,0,0,1,450,0,0,19,324.88,450,0.421
"281","11/09/2019","Wednesday","5","Ora.Bla","male","HA_C1","Control","20","a7403",NA,110.824,0.246319,0.90144,0.0120203,0,0,0,0,1,450,0,0,9,404.16,450,0.421
"282","2/08/2019","Friday","2","Ora.Pin","male","HA_C2","Control","5","a7408",NA,1712.5,3.80623,2.39034,0.031874,0,0,12,41.76,13,408.24,0,0,5,0.4,450,0.403
"283","19/08/2019","Monday","5","Ora.Pin","male","HA_C2","Control","15","a7408",NA,2259.66,5.02236,3.21479,0.0428676,14,61.04,37,107.28,24,281.68,14,13,8,0.96,450,0.403
"284","11/09/2019","Wednesday","6","Ora.Pin","male","HA_C2","Control","13","a7408",NA,2102.25,4.67251,3.12318,0.0416462,19,81.28,40,85.12,22,283.6,7,5,15,1.68,450,0.403
"285","2/08/2019","Friday","4","Ora.Whi","female","HA_T4","Treatment","23","a7409",NA,1936.61,4.30433,2.59058,0.0345441,13,42.32,35,130.16,23,277.52,2,3,6,0.56,450,0.893
"286","19/08/2019","Monday","1","Ora.Whi","female","HA_T4","Treatment","7","a7409",NA,1357.6,3.01742,2.10902,0.0281227,2,13.2,14,78.08,12,358.72,1,1,14,16.72,450,0.893
"287","11/09/2019","Wednesday","5","Ora.Whi","female","HA_T4","Treatment","9","a7409",NA,1228.7,2.73093,1.93946,0.0258617,3,20.24,12,70.16,10,359.6,2,2,18,11.44,450,0.893
"288","2/08/2019","Friday","5","Ora.Yel","male","HA_T2","Treatment","7","a7411",NA,1687.33,3.75028,2.2901,0.0305373,8,18.56,26,103.36,18,328.08,2,1,7,0.64,450,0.506
"289","19/08/2019","Monday","2","Ora.Yel","male","HA_T2","Treatment","20","a7411",NA,1842.87,4.096,3.1623,0.0421677,14,77.6,28,56.72,15,315.68,9,9,10,1.04,450,0.506
"290","11/09/2019","Wednesday","1","Ora.Yel","male","HA_T2","Treatment","24","a7411",NA,2127.83,4.72934,3.65403,0.0487247,19,64.08,39,74.48,21,311.44,10,10,13,1.6,450,0.506
"291","2/08/2019","Friday","4","Ora.Ora","male","HA_T1","Treatment","1","a7412",NA,2439.36,5.42177,2.79462,0.0372649,21,69.92,51,173.84,31,206.24,8,5,5,0.4,450,0.583
"292","19/08/2019","Monday","1","Ora.Ora","male","HA_T1","Treatment","13","a7412",NA,833.646,1.85288,1.8855,0.0251423,0,0,0,0,1,450,0,0,36,106.48,450,0.583
"293","11/09/2019","Wednesday","5","Ora.Ora","male","HA_T1","Treatment","15","a7412",NA,1218.73,2.70925,1.65939,0.0221292,0,0,0,0,1,449.92,0,0,10,1.12,449.92,0.583
"294","2/08/2019","Friday","3","_.Ora","male","HA_T3","Treatment","14","a7414","RE-RUN AFTER WATER CHANGE",1748.38,3.88597,2.38745,0.0318355,3,22.4,22,70.64,19,356.96,1,0,6,0.88,450,0.455
"295","19/08/2019","Monday","1","_.Ora","male","HA_T3","Treatment","25","a7414",NA,1989.69,4.42232,2.67474,0.0356663,12,58.64,29,115.2,18,276.16,6,3,5,0.4,450,0.455
"296","11/09/2019","Wednesday","6","_.Ora","male","HA_T3","Treatment","3","a7414",NA,1075.52,2.39047,1.8665,0.0248888,0,0,0,0,1,450,0,0,22,39.36,450,0.455
"297","2/08/2019","Friday","3","Yel.Yel","female","HA_C4","Control","19","a7418",NA,2021.67,4.49339,2.71875,0.0362532,21,108.88,42,113.68,22,227.44,9,6,7,1.12,450,0.507
"298","19/08/2019","Monday","4","Yel.Yel","female","HA_C4","Control","22","a7418",NA,1678.87,3.73148,2.33295,0.0311087,10,49.04,18,84.08,9,316.88,5,3,11,0.96,450,0.507
"299","11/09/2019","Wednesday","4","Yel.Yel","female","HA_C4","Control","7","a7418","Fish jumped out of container",1281.89,2.84915,2.03583,0.0271468,8,36.88,14,55.44,7,357.68,4,0,20,21.2,450,0.507
"300","2/08/2019","Friday","6","Bro.Whi","female","HA_C4","Control","17","a7438",NA,1301,2.89162,1.68621,0.0224848,0,0,1,0.48,2,449.52,0,0,12,6.16,450,0.682
"301","19/08/2019","Monday","6","Bro.Whi","female","HA_C4","Control","23","a7438",NA,1121.18,2.49196,1.58057,0.0210761,0,0,2,1.52,2,448.48,0,0,14,18.48,450,0.682
"302","11/09/2019","Wednesday","2","Bro.Whi","female","HA_C4","Control","7","a7438",NA,1066.19,2.36972,1.57319,0.0209778,0,0,1,0.24,2,449.76,0,0,22,24.24,450,0.682
"303","2/08/2019","Friday","3","Bro.Ora","female","HA_T4","Treatment","21","a7439",NA,2043.48,4.54188,2.43671,0.0324923,16,126.32,38,96.88,23,226.8,11,9,8,0.64,450,0.571
"304","19/08/2019","Monday","4","Bro.Ora","female","HA_T4","Treatment","6","a7439",NA,1281.65,2.84861,1.95643,0.0260881,9,30.64,22,87.44,13,331.92,2,1,12,12.08,450,0.571
"305","11/09/2019","Wednesday","2","Bro.Ora","female","HA_T4","Treatment","8","a7439",NA,1233.59,2.7418,1.63543,0.0218077,0,0,5,6.8,6,443.2,0,0,22,7.36,450,0.571
"306","2/08/2019","Friday","6","_.Blu","female","HA_T3","Treatment","14","a7459","RE-RUN AFTER WATER CHANGE",1664.48,3.69951,2.09134,0.027887,20,317.92,23,115.12,4,16.96,2,3,3,0.24,450,0.634
"307","19/08/2019","Monday","3","_.Blu","female","HA_T3","Treatment","27","a7459",NA,1852.05,4.11639,3.05986,0.0408018,16,159.28,32,100.64,17,190.08,7,10,7,0.88,450,0.634
"308","11/09/2019","Wednesday","3","_.Blu","female","HA_T3","Treatment","2","a7459",NA,1284.85,2.85573,1.63167,0.0217575,4,80.56,8,21.12,4,348.32,1,1,6,0.56,450,0.634
"309","2/08/2019","Friday","2","Blu.Bla","male","HA_T2","Treatment","10","a7461",NA,2106.58,4.68213,3.36343,0.0448498,13,66.48,37,79.04,25,304.48,9,9,17,1.84,450,0.438
"310","19/08/2019","Monday","2","Blu.Bla","male","HA_T2","Treatment","19","a7461",NA,2442.82,5.42945,3.62444,0.0483302,20,87.52,50,92.64,31,269.84,12,8,5,0.4,450,0.438
"311","11/09/2019","Wednesday","4","Blu.Bla","male","HA_T2","Treatment","23","a7461",NA,1999.26,4.44359,2.87676,0.0383602,8,73.76,24,58.56,16,317.68,4,5,5,0.4,450,0.438
"312","2/08/2019","Friday","1","Red.Blu","male","HA_C3","Control","14","a7466","RE-RUN AFTER WATER CHANGE",2026.84,4.50488,3.51046,0.0468103,11,40.88,33,65.28,22,343.84,8,5,13,1.36,450,0.341
"313","19/08/2019","Monday","2","Red.Blu","male","HA_C3","Control","4","a7466",NA,1948.88,4.33161,3.10454,0.0413975,15,31.2,36,97.76,22,321.04,10,7,6,0.8,450,0.341
"314","11/09/2019","Wednesday","2","Red.Blu","male","HA_C3","Control","27","a7466",NA,717.664,1.59509,1.45464,0.0193969,0,0,0,0,1,450,0,0,18,106.16,450,0.341
"315","2/08/2019","Friday","6","Red.Red","male","HA_T1","Treatment","3","a7468",NA,723.871,1.60889,1.59256,0.021236,0,0,0,0,1,450,0,0,21,117.2,450,0.48
"316","19/08/2019","Monday","2","Red.Red","male","HA_T1","Treatment","12","a7468",NA,2275.9,5.05846,2.85203,0.0380305,25,78.24,55,122.88,31,248.88,14,14,5,0.56,450,0.48
"317","11/09/2019","Wednesday","4","Red.Red","male","HA_T1","Treatment","15","a7468",NA,2441.99,5.42762,3.34349,0.0445838,22,108.64,49,108.16,28,233.2,10,14,5,0.4,450,0.48
"318","2/08/2019","Friday","4","Red.Bro","male","HA_C2","Control","6","a7474",NA,2328.95,5.17637,3.21071,0.0428133,18,77.92,39,77.68,21,294.4,16,13,2,0.16,450,0.397
"319","19/08/2019","Monday","2","Red.Bro","male","HA_C2","Control","17","a7474",NA,2182.63,4.85116,3.13022,0.04174,13,47.2,29,61.36,17,341.44,12,11,6,0.88,450,0.397
"320","11/09/2019","Wednesday","2","Red.Bro","male","HA_C2","Control","12","a7474",NA,1724.96,3.83393,2.27915,0.0303914,6,22.08,14,46.16,8,381.76,4,4,5,0.64,450,0.397
"321","2/08/2019","Friday","1","Yel._","male","HA_C1","Control","27","a7475",NA,1094.53,2.43273,1.44505,0.0192691,0,0,0,0,1,450,0,0,6,0.88,450,0.428
"322","19/08/2019","Monday","5","Yel._","male","HA_C1","Control","9","a7475",NA,2161.89,4.80506,2.82623,0.0376864,19,100.64,35,93.28,17,256.08,14,8,5,0.4,450,0.428
"323","11/09/2019","Wednesday","4","Yel._","male","HA_C1","Control","20","a7475",NA,612.17,1.36062,1.15974,0.0154645,0,0,0,0,1,450,0,0,34,83.84,450,0.428
"324","2/08/2019","Friday","1","Ora.Yel","female","HA_T3","Treatment","16","a7484",NA,452.323,1.00534,1.46219,0.0194976,0,0,0,0,1,450,0,0,31,197.44,450,0.601
"325","19/08/2019","Monday","4","Ora.Yel","female","HA_T3","Treatment","27","a7484",NA,1698.86,3.77592,2.4966,0.0332909,10,40.4,27,81.52,18,328.08,3,2,3,0.24,450,0.601
"326","11/09/2019","Wednesday","2","Ora.Yel","female","HA_T3","Treatment","3","a7484",NA,1218.46,2.70818,1.45031,0.0193392,0,0,4,35.44,5,414.56,0,0,11,1.04,450,0.601
"327","2/08/2019","Friday","4","Ora.Ora","female","HA_C2","Control","5","a7486",NA,579.385,1.28775,0.771852,0.0102923,1,0.32,2,50.32,1,399.36,0,0,46,7.52,450,0.663
"328","19/08/2019","Monday","2","Ora.Ora","female","HA_C2","Control","16","a7486",NA,322.467,0.71672,1.00078,0.0133449,0,0,0,0,1,450,0,0,25,231.84,450,0.663
"329","11/09/2019","Wednesday","2","Ora.Ora","female","HA_C2","Control","13","a7486",NA,58.0393,0.128999,0.404768,0.00539738,0,0,0,0,1,450,0,0,14,401.52,450,0.663
"330","2/08/2019","Friday","1","Ora.Gre","male","HA_C4","Control","19","a7492",NA,42.7012,0.0949085,0.431202,0.00574987,0,0,0,0,1,450,0,0,3,431.76,450,0.357
"331","19/08/2019","Monday","6","Ora.Gre","male","HA_C4","Control","22","a7492",NA,166.877,0.370905,0.693507,0.00924759,0,0,0,0,1,450,0,0,9,318.4,450,0.357
"332","11/09/2019","Wednesday","4","Ora.Gre","male","HA_C4","Control","6","a7492",NA,221.055,0.491321,1.08366,0.0144501,0,0,0,0,1,450,0,0,8,338.88,450,0.357
"333","2/08/2019","Friday","1","Red.Red","female","HA_C3","Control","12","a7497",NA,939.148,2.08737,1.61128,0.0214857,0,0,0,0,1,450,0,0,20,28.48,450,0.557
"334","19/08/2019","Monday","6","Red.Red","female","HA_C3","Control","1","a7497",NA,969.033,2.15379,1.89572,0.0252785,0,0,11,25.76,12,424.24,0,0,16,58,450,0.557
"335","11/09/2019","Wednesday","5","Red.Red","female","HA_C3","Control","26","a7497",NA,1111.96,2.47146,2.30639,0.0307546,6,54.8,11,44.96,6,350.24,2,2,36,29.36,450,0.557
"336","2/08/2019","Friday","2","Ora.Pin","female","HA_C1","Control","25","a7498",NA,357.262,0.794058,1.09016,0.0145368,0,0,0,0,1,450,0,0,16,234,450,0.69
"337","19/08/2019","Monday","6","Ora.Pin","female","HA_C1","Control","8","a7498",NA,710.77,1.57977,1.27664,0.0170233,0,0,0,0,1,450,0,0,34,21.44,450,0.69
"338","11/09/2019","Wednesday","2","Ora.Pin","female","HA_C1","Control","18","a7498",NA,366.244,0.81402,1.3087,0.0174509,0,0,0,0,1,450,0,0,18,275.6,450,0.69
"339","2/08/2019","Friday","5","_.Pin","female","HA_C2","Control","6","a7549",NA,1425.19,3.16765,1.74069,0.0232113,2,12.88,6,29.76,5,407.36,1,1,6,0.48,450,0.668
"340","19/08/2019","Monday","3","_.Pin","female","HA_C2","Control","15","a7549",NA,1588.88,3.53148,2.2103,0.0294732,9,37.28,17,57.2,9,355.52,4,4,12,1.12,450,0.668
"341","11/09/2019","Wednesday","4","_.Pin","female","HA_C2","Control","12","a7549",NA,1503.16,3.34095,1.78027,0.023739,10,59.76,15,64,6,326.24,4,4,4,0.32,450,0.668
"342","2/08/2019","Friday","1","Pin.Pin","female","HA_T1","Treatment","2","a7550",NA,219.264,0.48734,1.06034,0.0141391,0,0,0,0,1,450,0,0,9,346.56,450,0.845
"343","19/08/2019","Monday","1","Pin.Pin","female","HA_T1","Treatment","12","a7550",NA,272.691,0.606088,0.91596,0.0122139,0,0,0,0,1,450,0,0,37,249.44,450,0.845
"344","11/09/2019","Wednesday","4","Pin.Pin","female","HA_T1","Treatment","17","a7550",NA,680.328,1.51211,1.11748,0.0149011,0,0,0,0,1,450,0,0,38,41.2,450,0.845
"345","2/08/2019","Friday","5","Pin.Blu","female","HA_C3","Control","12","a7552",NA,1156.67,2.57084,1.40029,0.0186722,0,0,0,0,1,450,0,0,6,0.72,450,0.603
"346","19/08/2019","Monday","5","Pin.Blu","female","HA_C3","Control","1","a7552",NA,1417.57,3.15071,1.51913,0.0202569,3,37.2,15,86.88,13,325.92,1,0,4,0.32,450,0.603
"347","11/09/2019","Wednesday","6","Pin.Blu","female","HA_C3","Control","25","a7552",NA,1491.82,3.31575,2.04448,0.0272622,9,63.76,15,38.48,6,347.76,6,5,9,1.2,450,0.603
"348","2/08/2019","Friday","3","Pin.Ora","male","HA_C1","Control","24","a7555",NA,886.255,1.96981,1.53844,0.0205143,0,0,0,0,1,450,0,0,25,49.6,450,0.487
"349","19/08/2019","Monday","3","Pin.Ora","male","HA_C1","Control","8","a7555",NA,1494.5,3.3217,1.81012,0.0241371,0,0,7,52.4,7,397.6,0,0,13,3.84,450,0.487
"350","11/09/2019","Wednesday","5","Pin.Ora","male","HA_C1","Control","17","a7555",NA,469.356,1.0432,1.80526,0.0240723,0,0,0,0,1,450,0,0,20,286.88,450,0.487
"351","2/08/2019","Friday","4","Ora.Pin","female","HA_T3","Treatment","15","a7556",NA,1403.76,3.12002,2.59973,0.0346661,7,40.64,16,34.64,10,374.72,6,5,11,5.2,450,0.739
"352","19/08/2019","Monday","5","Ora.Pin","female","HA_T3","Treatment","25","a7556",NA,948.668,2.10853,1.5233,0.0203124,0,0,0,0,1,450,0,0,9,69.76,450,0.739
"353","11/09/2019","Wednesday","1","Ora.Pin","female","HA_T3","Treatment","1","a7556",NA,1243.21,2.76318,1.83988,0.024534,1,5.52,3,13.12,3,431.36,0,1,18,31.44,450,0.739
"354","2/08/2019","Friday","6","Red.Gre","female","HA_T4","Treatment","23","a7562",NA,503.246,1.11852,1.38341,0.0184471,0,0,0,0,1,450,0,0,42,170.24,450,0.517
"355","19/08/2019","Monday","4","Red.Gre","female","HA_T4","Treatment","4","a7562",NA,1526.55,3.39293,1.86609,0.0248835,10,84.16,19,78.4,10,287.44,7,2,7,0.72,450,0.517
"356","11/09/2019","Wednesday","1","Red.Gre","female","HA_T4","Treatment","9","a7562",NA,1271.59,2.82626,1.74608,0.0232831,7,52.32,13,69.76,7,327.92,3,4,7,0.96,450,0.517
"357","2/08/2019","Friday","4","Red.Yel","male","HA_C1","Control","26","a7563",NA,1556.84,3.46026,1.86793,0.0249079,0,0,5,6.48,6,443.52,0,0,5,0.4,450,0.478
"358","19/08/2019","Monday","5","Red.Yel","male","HA_C1","Control","8","a7563",NA,2154.5,4.78862,2.17553,0.0290096,20,96.16,34,132.4,15,221.44,5,3,2,0.16,450,0.478
"359","11/09/2019","Wednesday","6","Red.Yel","male","HA_C1","Control","19","a7563",NA,856.025,1.90262,1.52032,0.0202727,0,0,0,0,1,450,0,0,21,80,450,0.478
"360","2/08/2019","Friday","3","Red.Bro","male","HA_C3","Control","12","a7564",NA,1574.52,3.49956,1.79859,0.0239833,8,58.4,17,84.88,10,306.72,8,6,5,0.4,450,0.328
"361","19/08/2019","Monday","4","Red.Bro","male","HA_C3","Control","3","a7564",NA,1669.6,3.71089,1.868,0.0249088,10,99.36,16,78.24,7,272.4,7,5,8,0.64,450,0.328
"362","11/09/2019","Wednesday","1","Red.Bro","male","HA_C3","Control","26","a7564",NA,1088.33,2.41895,1.38689,0.0184935,0,0,0,0,1,450,0,0,10,18.56,450,0.328
"363","2/08/2019","Friday","5","Red.Red","male","HA_T2","Treatment","10","a7570",NA,1507.85,3.35138,1.89836,0.0253137,6,38.24,16,67.92,11,343.84,2,4,10,1.2,450,0.621
"364","19/08/2019","Monday","3","Red.Red","male","HA_T2","Treatment","20","a7570",NA,1543.27,3.43009,2.18875,0.0291859,13,89.92,22,82.4,10,277.68,9,7,10,1.92,450,0.621
"365","11/09/2019","Wednesday","2","Red.Red","male","HA_T2","Treatment","23","a7570",NA,2112.01,4.69418,3.02775,0.0403736,20,127.2,35,74.88,16,247.92,12,11,3,0.24,450,0.621
"366","2/08/2019","Friday","5","Pur.Red","female","HA_C4","Control","18","a7578",NA,758.241,1.68528,1.13768,0.0151705,0,0,0,0,1,450,0,0,25,25.6,450,0.607
"367","19/08/2019","Monday","6","Pur.Red","female","HA_C4","Control","21","a7578",NA,483.574,1.0748,1.24478,0.0165985,0,0,0,0,1,450,0,0,35,164.64,450,0.607
"368","11/09/2019","Wednesday","3","Pur.Red","female","HA_C4","Control","4","a7578",NA,239.929,0.533269,1.17196,0.0156276,0,0,0,0,1,450,0,0,10,344,450,0.607
"369","2/08/2019","Friday","2","Bla._","male","HA_T1","Treatment","2","a7599",NA,1259.01,2.79829,1.76043,0.0234745,0,0,1,3.68,2,446.32,0,0,15,1.44,450,0.465
"370","19/08/2019","Monday","5","Bla._","male","HA_T1","Treatment","12","a7599",NA,414.232,0.920679,1.39179,0.0185589,0,0,0,0,1,450,0,0,29,236,450,0.465
"371","11/09/2019","Wednesday","3","Bla._","male","HA_T1","Treatment","17","a7599",NA,213.762,0.47511,0.689764,0.00919767,0,0,0,0,1,450,0,0,42,227.68,450,0.465
"372","2/08/2019","Friday","4","Bla.Bla","female","HA_C4","Control","20","a7601",NA,899.015,1.99817,1.67136,0.0222868,1,3.76,10,44.4,10,401.84,1,0,18,75.2,450,0.62
"373","19/08/2019","Monday","3","Bla.Bla","female","HA_C4","Control","22","a7601",NA,702.366,1.56109,1.28398,0.0171212,1,0.56,3,13.92,3,435.52,0,0,19,39.2,450,0.62
"374","11/09/2019","Wednesday","2","Bla.Bla","female","HA_C4","Control","6","a7601",NA,344.411,0.765494,1.29898,0.0173213,0,0,0,0,1,450,0,0,10,298.96,450,0.62
"375","2/08/2019","Friday","6","Bla.Gre","female","HA_T4","Treatment","22","a7608",NA,767.16,1.7051,1.54889,0.0206537,0,0,1,1.2,2,448.8,0,0,25,74.16,450,0.676
"376","19/08/2019","Monday","3","Bla.Gre","female","HA_T4","Treatment","7","a7608",NA,1198.59,2.664,2.68158,0.0357575,7,43.52,16,43.52,10,362.96,3,3,12,73.12,450,0.676
"377","11/09/2019","Wednesday","6","Bla.Gre","female","HA_T4","Treatment","8","a7608",NA,290.215,0.645037,0.875426,0.0116734,0,0,0,0,1,450,0,0,34,227.04,450,0.676
"378","2/08/2019","Friday","4","Red._","male","HA_C3","Control","12","a7611",NA,92.2328,0.204998,0.719616,0.00959574,0,0,0,0,1,450,0,0,13,394.88,450,0.437
"379","19/08/2019","Monday","5","Red._","male","HA_C3","Control","2","a7611",NA,317.677,0.706074,1.01963,0.0135963,0,0,0,0,1,450,0,0,50,208.72,450,0.437
"380","11/09/2019","Wednesday","2","Red._","male","HA_C3","Control","26","a7611",NA,89.3192,0.198522,0.682354,0.00909886,0,0,0,0,1,450,0,0,13,402.96,450,0.437
"381","2/08/2019","Friday","1","Red.Ora","male","HA_C1","Control","26","a7614",NA,755.588,1.67938,1.49024,0.0198716,0,0,0,0,1,450,0,0,34,64.56,450,0.418
"382","19/08/2019","Monday","5","Red.Ora","male","HA_C1","Control","7","a7614",NA,141.719,0.314987,0.960215,0.012804,0,0,0,0,1,450,0,0,15,372.24,450,0.418
"383","11/09/2019","Wednesday","6","Red.Ora","male","HA_C1","Control","17","a7614",NA,196.329,0.436364,0.998242,0.0133111,0,0,0,0,1,450,0,0,22,325.28,450,0.418
"384","2/08/2019","Friday","3","Whi.Whi","female","HA_T3","Treatment","16","a7640",NA,1813.7,4.03117,2.3532,0.0313788,12,53.36,24,79.12,13,317.52,7,7,5,0.4,450,0.747
"385","19/08/2019","Monday","3","Whi.Whi","female","HA_T3","Treatment","26","a7640",NA,912.215,2.0275,1.65197,0.0220282,0,0,0,0,1,450,0,0,14,75.68,450,0.747
"386","11/09/2019","Wednesday","3","Whi.Whi","female","HA_T3","Treatment","3","a7640",NA,995.366,2.21232,1.34045,0.0178743,0,0,0,0,1,450,0,0,14,9.92,450,0.747
"387","2/08/2019","Friday","2","Whi.Ora","male","HA_T4","Treatment","23","a7646",NA,1449.28,3.22119,1.90228,0.025366,0,0,0,0,1,450,0,0,4,0.56,450,0.543
"388","19/08/2019","Monday","2","Whi.Ora","male","HA_T4","Treatment","5","a7646",NA,1923.53,4.27528,2.14015,0.0285379,7,82.8,15,103.6,9,263.6,3,4,3,0.24,450,0.543
"389","11/09/2019","Wednesday","3","Whi.Ora","male","HA_T4","Treatment","10","a7646",NA,1854.2,4.12118,2.1877,0.0291719,17,50.48,31,108.72,15,290.8,6,5,1,0.08,450,0.543
"390","19/08/2019","Monday","4","Whi.Bro","female","HA_T2","Treatment","19","a7649",NA,1537.8,3.41794,2.09888,0.0279875,0,0,0,0,1,450,0,0,12,0.96,450,0.678
"391","11/09/2019","Wednesday","5","Whi.Bro","female","HA_T2","Treatment","22","a7649",NA,1533.26,3.40786,2.00356,0.0267165,1,83.84,1,11.6,1,354.56,0,1,5,0.64,450,0.678
"392","2/08/2019","Friday","6","_._","female","HA_C2","Control","5","a7658",NA,1796.65,3.99327,2.24057,0.0298769,0,0,0,0,1,450,0,0,5,0.4,450,0.797
"393","19/08/2019","Monday","4","_._","female","HA_C2","Control","14","a7658",NA,1601.16,3.55877,1.85861,0.0247836,0,0,0,0,1,450,0,0,7,1.04,450,0.797
"394","11/09/2019","Wednesday","1","_._","female","HA_C2","Control","12","a7658",NA,1566.83,3.48245,2.03587,0.0271474,0,0,0,0,1,450,0,0,6,1.44,450,0.797
"395","2/08/2019","Friday","3","Blu.Blu","female","HA_C1","Control","27","a7659",NA,1467.02,3.26063,1.82268,0.0243045,0,0,0,0,1,450,0,0,10,0.8,450,0.497
"396","19/08/2019","Monday","2","Blu.Blu","female","HA_C1","Control","8","a7659",NA,1165.53,2.59052,1.63712,0.0218302,0,0,0,0,1,450,0,0,13,3.36,450,0.497
"397","11/09/2019","Wednesday","2","Blu.Blu","female","HA_C1","Control","20","a7659",NA,1199.74,2.66656,1.86838,0.0249139,0,0,0,0,1,450,0,0,26,19.52,450,0.497
"398","2/08/2019","Friday","6","Whi.Whi","female","HA_C4","Control","18","a7661",NA,1562.48,3.47279,2.3946,0.0319309,0,0,2,0.64,3,449.36,0,0,15,1.92,450,0.425
"399","19/08/2019","Monday","1","Whi.Whi","female","HA_C4","Control","22","a7661",NA,1743.81,3.87583,2.18603,0.0291497,0,0,0,0,1,450,0,0,11,0.88,450,0.425
"400","11/09/2019","Wednesday","3","Whi.Whi","female","HA_C4","Control","6","a7661",NA,1733.09,3.85199,2.12557,0.0283434,2,13.36,5,26,4,410.64,2,0,5,0.4,450,0.425
"401","2/08/2019","Friday","6","Bro.Bro","female","HA_T1","Treatment","2","a7662",NA,1881.78,4.18545,2.2057,0.0294225,0,0,0,0,1,449.68,0,0,4,0.48,449.68,0.898
"402","19/08/2019","Monday","1","Bro.Bro","female","HA_T1","Treatment","14","a7662",NA,1336.6,2.97075,1.71979,0.0229326,0,0,0,0,1,450,0,0,6,0.56,450,0.898
"403","11/09/2019","Wednesday","3","Bro.Bro","female","HA_T1","Treatment","15","a7662",NA,862.771,1.91829,1.89756,0.0253075,0,0,0,0,1,449.84,0,0,3,139.68,449.84,0.898
"404","2/08/2019","Friday","5","Gre.Pin","female","HA_C3","Control","13","a7679",NA,1275.75,2.83551,1.37703,0.018362,0,0,0,0,1,450,0,0,4,0.32,450,0.581
"405","19/08/2019","Monday","4","Gre.Pin","female","HA_C3","Control","2","a7679",NA,1230.05,2.73394,1.26746,0.016901,0,0,0,0,1,450,0,0,4,0.32,450,0.581
"406","11/09/2019","Wednesday","1","Gre.Pin","female","HA_C3","Control","27","a7679",NA,716.691,1.59293,1.99367,0.0265846,0,0,0,0,1,450,0,0,6,225.44,450,0.581
"407","2/08/2019","Friday","3","Gre.Bro","male","HA_T1","Treatment","3","a7683",NA,1596.84,3.54916,2.05583,0.0274135,0,0,0,0,1,450,0,0,4,0.4,450,0.63
"408","19/08/2019","Monday","6","Gre.Bro","male","HA_T1","Treatment","12","a7683",NA,128.036,0.284575,0.897158,0.0119632,0,0,0,0,1,450,0,0,28,365.68,450,0.63
"409","11/09/2019","Wednesday","2","Gre.Bro","male","HA_T1","Treatment","17","a7683",NA,242.237,0.538399,1.19261,0.0159029,0,0,0,0,1,450,0,0,7,341.12,450,0.63
"410","2/08/2019","Friday","1","Gre.Blu","female","HA_T2","Treatment","9","a7684",NA,1215.42,2.70141,2.43415,0.0324582,0,0,0,0,1,450,0,0,8,129.68,450,NA
"411","2/08/2019","Friday","6","Gre.Ora","female","HA_T3","Treatment","15","a7686",NA,650.897,1.44669,1.32367,0.0176505,0,0,0,0,1,450,0,0,42,67.84,450,0.818
"412","19/08/2019","Monday","6","Gre.Ora","female","HA_T3","Treatment","24","a7686",NA,526.054,1.16922,1.68355,0.0224493,0,0,0,0,1,450,0,0,43,222.96,450,0.818
"413","11/09/2019","Wednesday","5","Gre.Ora","female","HA_T3","Treatment","3","a7686",NA,246.201,0.547211,0.978119,0.0130427,0,0,0,0,1,450,0,0,25,292.16,450,0.818
"414","2/08/2019","Friday","2","Gre.Gre","male","HA_C2","Control","7","a7688",NA,726.913,1.61565,1.15024,0.0153379,0,0,0,0,1,450,0,0,32,26.96,450,0.429
"415","19/08/2019","Monday","5","Gre.Gre","male","HA_C2","Control","16","a7688",NA,767.916,1.70678,1.4314,0.0190871,0,0,0,0,1,450,0,0,39,27.44,450,0.429
"416","11/09/2019","Wednesday","3","Gre.Gre","male","HA_C2","Control","13","a7688",NA,446.684,0.992807,1.38092,0.0184139,0,0,0,0,1,450,0,0,19,230.72,450,0.429
"417","2/08/2019","Friday","6","Pin.Blu","male","HA_C4","Control","20","a7696",NA,1384.07,3.07625,2.12675,0.0283592,0,0,1,1.04,2,448.96,0,0,15,30,450,0.386
"418","11/09/2019","Wednesday","4","Pin.Blu","male","HA_C4","Control","5","a7696",NA,1140.81,2.53558,1.98591,0.0264811,0,0,0,0,1,450,0,0,20,73.76,450,0.386
"419","2/08/2019","Friday","5","Gre.Gre","female","HA_C1","Control","25","a7698",NA,1162.12,2.58295,1.64058,0.0218764,0,0,2,18.8,2,431.2,0,0,14,28.96,450,0.72
"420","19/08/2019","Monday","2","Gre.Gre","female","HA_C1","Control","10","a7698",NA,1576.09,3.50304,2.20559,0.0294105,5,26.96,17,54.48,13,368.56,4,5,6,0.8,450,0.72
"421","11/09/2019","Wednesday","3","Gre.Gre","female","HA_C1","Control","19","a7698",NA,17.9929,0.0399914,0.22011,0.00293506,0,0,0,0,1,450,0,0,2,443.12,450,0.72
"422","2/08/2019","Friday","1","Bro.Bro","male","HA_C1","Control","25","a7720",NA,1951.83,4.33816,2.63236,0.0351012,7,49.28,21,60.48,14,340.24,4,2,7,0.72,450,0.4
"423","19/08/2019","Monday","6","Bro.Bro","male","HA_C1","Control","10","a7720",NA,1841.26,4.09241,2.40374,0.0320528,4,15.6,17,51.44,14,382.96,1,2,4,0.48,450,0.4
"424","11/09/2019","Wednesday","3","Bro.Bro","male","HA_C1","Control","18","a7720",NA,1560.51,3.46841,1.95407,0.0260565,0,0,8,36.16,8,413.84,0,0,9,1.2,450,0.4
"425","2/08/2019","Friday","2","Bro.Whi","male","HA_T1","Treatment","1","a7723","water change after every 2 tanks",1883.13,4.18547,2.54459,0.0339309,10,25.44,32,141.84,22,282.72,6,4,4,0.48,450,0.414
"426","19/08/2019","Monday","4","Bro.Whi","male","HA_T1","Treatment","11","a7723",NA,899.783,1.99987,1.56081,0.0208127,0,0,2,6.8,2,443.2,0,0,14,12.64,450,0.414
"427","11/09/2019","Wednesday","4","Bro.Whi","male","HA_T1","Treatment","16","a7723",NA,999.44,2.22137,1.57959,0.021063,0,0,10,34.08,11,415.92,0,0,12,18.8,450,0.414
"428","2/08/2019","Friday","1","Bro.Gre","male","HA_T2","Treatment","8","a7724",NA,1872.68,4.16225,2.24481,0.0299334,5,17.68,16,80,12,352.32,3,2,5,0.4,450,0.507
"429","19/08/2019","Monday","3","Bro.Gre","male","HA_T2","Treatment","19","a7724",NA,1302.2,2.89429,2.84299,0.0379099,10,53.2,19,54.88,10,341.92,6,5,23,100.96,450,0.507
"430","11/09/2019","Wednesday","3","Bro.Gre","male","HA_T2","Treatment","21","a7724",NA,2601.25,5.78159,3.10957,0.0414646,31,84.16,70,148.96,39,216.88,12,10,3,0.32,450,0.507
"431","2/08/2019","Friday","1","Bro.Yel","male","HA_T4","Treatment","22","a7728",NA,1923.6,4.27544,2.71819,0.0362457,12,38.72,32,105.6,21,305.68,8,4,4,0.56,450,0.478
"432","19/08/2019","Monday","3","Bro.Yel","male","HA_T4","Treatment","4","a7728",NA,1400.71,3.11324,1.85165,0.0246909,0,0,0,0,1,450,0,0,17,2.56,450,0.478
"433","11/09/2019","Wednesday","2","Bro.Yel","male","HA_T4","Treatment","10","a7728",NA,1541.62,3.42644,2.12117,0.0282848,2,13.2,9,41.6,8,395.2,1,1,10,0.8,450,0.478
"434","2/08/2019","Friday","3","Bro.Pur","male","HA_C2","Control","6","a7729",NA,660.561,1.46818,1.14583,0.0152791,0,0,0,0,1,450,0,0,45,14.56,450,0.443
"435","19/08/2019","Monday","4","Bro.Pur","male","HA_C2","Control","17","a7729",NA,864.993,1.92255,1.40098,0.0186814,0,0,2,6.48,3,443.52,0,0,25,10.24,450,0.443
"436","11/09/2019","Wednesday","6","Bro.Pur","male","HA_C2","Control","11","a7729",NA,717.606,1.59496,1.01741,0.0135667,0,0,0,0,1,450,0,0,28,11.52,450,0.443
"437","2/08/2019","Friday","4","Pur._","male","HA_C3","Control","11","a7730",NA,1824.71,4.05564,2.2013,0.0293533,4,16.4,16,38.16,13,395.44,4,3,1,0.08,450,0.422
"438","19/08/2019","Monday","1","Pur._","male","HA_C3","Control","2","a7730",NA,2538.83,5.64286,3.00536,0.0400751,24,84.64,46,110.24,23,255.12,14,10,1,0.08,450,0.422
"439","11/09/2019","Wednesday","6","Pur._","male","HA_C3","Control","24","a7730",NA,2438.22,5.41923,3.39921,0.0453269,31,91.6,51,100.24,21,258.16,12,10,6,0.48,450,0.422
"440","2/08/2019","Friday","6","Pur.Blu","male","HA_C4","Control","19","a7737",NA,2179.47,4.84412,2.91577,0.0388803,10,54.56,32,65.04,22,330.4,6,8,8,0.64,450,0.35
"441","19/08/2019","Monday","1","Pur.Blu","male","HA_C4","Control","23","a7737",NA,2048.06,4.55206,3.03552,0.0404772,13,57.84,31,70,18,322.16,9,10,3,0.24,450,0.35
"442","11/09/2019","Wednesday","6","Pur.Blu","male","HA_C4","Control","4","a7737",NA,2270.05,5.04544,3.41891,0.0455895,21,79.44,42,69.68,22,300.88,9,12,10,0.88,450,0.35
"443","2/08/2019","Friday","1","Bla.Pin","male","HA_C3","Control","11","a8043",NA,1261.64,2.80414,1.90763,0.0254373,0,0,0,0,1,450,0,0,15,6.64,450,0.438
"444","19/08/2019","Monday","2","Bla.Pin","male","HA_C3","Control","3","a8043",NA,1377.07,3.0607,1.85085,0.0246802,0,0,0,0,1,450,0,0,10,1.28,450,0.438
"445","11/09/2019","Wednesday","3","Bla.Pin","male","HA_C3","Control","27","a8043",NA,278.269,0.618486,0.877766,0.0117046,0,0,0,0,1,450,0,0,90,133.12,450,0.438
"446","2/08/2019","Friday","2","Pin.Bla","female","HA_C4","Control","18","a8045",NA,2218.62,4.93114,3.11622,0.0415533,23,100.4,47,118.4,25,231.2,13,12,7,0.8,450,0.386
"447","19/08/2019","Monday","2","Pin.Bla","female","HA_C4","Control","23","a8045",NA,1860.06,4.1342,2.65494,0.0354023,14,59.6,28,96.8,15,293.6,9,7,9,1.6,450,0.386
"448","11/09/2019","Wednesday","1","Pin.Bla","female","HA_C4","Control","7","a8045",NA,2373.8,5.27604,3.17489,0.0423356,25,88.4,50,130.96,26,230.64,12,9,2,0.16,450,0.386
"449","2/08/2019","Friday","4","Whi._","female","HA_T2","Treatment","8","a8050",NA,1087.26,2.41656,2.36046,0.0314756,4,22.56,13,26.16,9,401.28,2,4,27,21.28,450,0.749
"450","19/08/2019","Monday","6","Whi._","female","HA_T2","Treatment","18","a8050",NA,1703.26,3.78569,2.89425,0.0385934,10,49.04,24,72.8,15,328.16,5,5,9,4.64,450,0.749
"451","11/09/2019","Wednesday","5","Whi._","female","HA_T2","Treatment","23","a8050",NA,2007.18,4.46119,2.53002,0.0337366,14,102.64,34,100.88,21,246.48,11,7,2,0.16,450,0.749
"452","2/08/2019","Friday","1","_.Red","male","HA_T4","Treatment","24","a8057",NA,433.921,0.96444,1.46558,0.0195428,0,0,0,0,1,450,0,0,26,245.84,450,0.437
"453","19/08/2019","Monday","5","_.Red","male","HA_T4","Treatment","4","a8057",NA,414.608,0.921516,1.34479,0.0179322,0,0,2,1.92,3,448.08,0,0,44,157.2,450,0.437
"454","11/09/2019","Wednesday","1","_.Red","male","HA_T4","Treatment","8","a8057",NA,88.38,0.196435,0.570308,0.00760479,0,0,0,0,1,450,0,0,17,388.72,450,0.437
"455","2/08/2019","Friday","2","Red.Pur","female","HA_T4","Treatment","22","a8062",NA,1735.13,3.85654,1.98951,0.0265292,12,121.04,29,99.28,18,229.68,8,8,2,0.16,450,0.754
"456","19/08/2019","Monday","5","Red.Pur","female","HA_T4","Treatment","5","a8062",NA,1512.88,3.36256,2.23194,0.0297619,17,197.44,26,89.52,10,163.04,8,5,10,3.12,450,0.754
"457","11/09/2019","Wednesday","4","Red.Pur","female","HA_T4","Treatment","8","a8062",NA,1470,3.26725,1.86839,0.0249141,11,366.24,15,57.12,5,26.64,5,2,3,0.32,450,0.754
"458","2/08/2019","Friday","5","Red.Red","female","HA_T3","Treatment","15","a8063",NA,123.144,0.273702,0.703516,0.00938104,0,0,0,0,1,450,0,0,29,364.8,450,0.711
"459","19/08/2019","Monday","4","Red.Red","female","HA_T3","Treatment","24","a8063",NA,682.346,1.51659,1.05725,0.0140979,0,0,0,0,1,450,0,0,35,6.96,450,0.711
"460","11/09/2019","Wednesday","1","Red.Red","female","HA_T3","Treatment","2","a8063",NA,851.128,1.89173,1.313,0.0175083,0,0,0,0,1,450,0,0,38,18.24,450,0.711
"461","2/08/2019","Friday","5","Red._","male","HA_C2","Control","4","a8064",NA,943.699,2.09748,1.94895,0.0259883,0,0,2,1.28,3,448.72,0,0,31,62.96,450,NA
"462","19/08/2019","Monday","3","Red._","female","HA_C2","Control","16","a8064",NA,1377.78,3.06228,2.05525,0.0274057,0,0,4,3.12,5,446.88,0,0,21,6.32,450,0.574
"463","11/09/2019","Wednesday","5","Red._","female","HA_C2","Control","13","a8064",NA,1432.93,3.18486,1.96064,0.0261442,0,0,6,10.96,7,439.04,0,0,17,5.28,450,0.574
"464","2/08/2019","Friday","1","Yel.Pin","male","HA_C4","Control","18","a8066",NA,1856.33,4.12592,2.59685,0.0346278,10,41.76,22,65.92,12,342.32,2,3,5,1.6,450,0.391
"465","19/08/2019","Monday","5","Yel.Pin","male","HA_C4","Control","22","a8066",NA,1678.56,3.7308,2.449,0.0326563,10,54.32,23,67.68,13,328,3,3,8,7.36,450,0.391
"466","11/09/2019","Wednesday","5","Yel.Pin","male","HA_C4","Control","5","a8066",NA,1467.86,3.2625,2.28015,0.0304047,7,47.52,16,57.84,10,344.64,4,4,17,10.48,450,0.391
"467","2/08/2019","Friday","6","Yel.Gre","female","HA_T2","Treatment","10","a8067",NA,2400.95,5.33639,3.65139,0.0486896,9,32.48,40,65.68,32,351.84,5,4,2,0.16,450,0.848
"468","19/08/2019","Monday","1","Yel.Gre","female","HA_T2","Treatment","19","a8067",NA,1634.67,3.63326,3.30065,0.0440126,4,7.2,23,43.2,20,399.6,3,4,6,5.76,450,0.848
"469","11/09/2019","Wednesday","2","Yel.Gre","female","HA_T2","Treatment","21","a8067",NA,2316.23,5.14809,3.40079,0.0453479,21,82.32,42,96.32,21,271.36,7,11,2,0.16,450,0.848
"470","2/08/2019","Friday","2","Yel.Red","female","HA_C1","Control","27","a8068",NA,680.399,1.51227,1.36837,0.0182466,0,0,0,0,1,450,0,0,32,53.04,450,0.535
"471","19/08/2019","Monday","4","Yel.Red","female","HA_C1","Control","9","a8068",NA,122.067,0.271309,0.633938,0.00845326,0,0,0,0,1,450,0,0,21,344.64,450,0.535
"472","11/09/2019","Wednesday","1","Yel.Red","female","HA_C1","Control","20","a8068",NA,101.469,0.225526,0.691696,0.00922343,0,0,0,0,1,450,0,0,21,384.08,450,0.535
"473","2/08/2019","Friday","1","_.Whi","male","HA_T3","Treatment","17","a8070",NA,1201.3,2.67003,2.20732,0.0294336,0,0,0,0,1,450,0,0,28,41.84,450,0.484
"474","19/08/2019","Monday","3","_.Whi","male","HA_T3","Treatment","24","a8070",NA,357.976,0.795644,1.26408,0.0168559,0,0,0,0,1,450,0,0,41,198.88,450,0.484
"475","11/09/2019","Wednesday","6","_.Whi","male","HA_T3","Treatment","1","a8070",NA,1862.45,4.13952,3.20345,0.0427165,14,85.2,24,49.2,11,315.6,11,9,20,2.4,450,0.484
"476","2/08/2019","Friday","6","Ora.Pur","female","HA_T2","Treatment","8","a8071",NA,1620.42,3.60157,1.72237,0.022967,0,0,0,0,1,450,0,0,1,0.08,450,0.81
"477","19/08/2019","Monday","5","Ora.Pur","female","HA_T2","Treatment","19","a8071",NA,1810.78,4.02468,2.02836,0.0270472,10,86.16,23,83.76,13,280.08,6,5,7,0.64,450,0.81
"478","11/09/2019","Wednesday","6","Ora.Pur","female","HA_T2","Treatment","21","a8071",NA,1764.11,3.92095,1.95783,0.0261068,5,18.4,15,78.96,10,352.64,4,3,6,0.48,450,0.81
